player_name,team_tag,batting_uvi,speed_bonus,hustle_bonus,defense_bonus,burst_bonus,complete_uvi,sprint_speed,bolts,oaa,frp,ppp,total_pitches,games,batted_balls
Martín Maldonado,SD,55.8,-8.4,-0.0,0.0,1.1,48.5,23.1,0.0,0.0,0.0,0.0016083134851138357,571,61,95
Donovan Solano,SEA,62.1,-4.6,-0.0,1.5,0.7,59.7,25.0,0.0,1.0,1.0,0.0023451669064748185,695,65,126
Donovan Solano,TEX,-150.3,-4.6,2.9,1.5,0.7,-149.8,25.0,0.0,1.0,1.0,-0.051927777777777774,9,1,1
Andrew Mccutchen,PIT,94.8,-0.4,0.0,1.5,0.2,96.1,27.1,0.0,1.0,1.0,0.010660690861390468,2287,135,361
Justin Turner,CHC,58.2,-4.0,-0.0,1.5,0.5,56.2,25.3,0.0,2.0,1.0,0.0032327253164556964,790,75,134
Carlos Santana,CHC,34.3,-3.4,0.0,9.0,0.5,40.4,25.6,0.0,8.0,6.0,-0.003060413793103456,87,8,14
Carlos Santana,CLE,111.6,-3.4,-0.0,9.0,0.5,117.7,25.6,0.0,8.0,6.0,0.01611859272918862,1898,114,312
Yuli Gurriel,SD,2.8,-1.0,-0.0,0.0,0.0,1.8,26.8,0.0,0.0,0.0,-0.011372155405405404,148,16,28
Miguel Rojas,LAD,113.3,-2.8,0.0,6.0,0.4,116.9,25.9,0.0,6.0,4.0,0.016834030782761657,1137,106,241
Tommy Pham,PIT,117.4,-0.2,0.0,-3.0,0.2,114.4,27.2,0.0,-2.0,-2.0,0.016068386588921284,1715,115,298
Paul Goldschmidt,NYY,89.7,-2.4,-0.0,-3.0,0.2,84.5,26.1,0.0,-3.0,-2.0,0.011494700331910858,2109,139,387
Sandy León,ATL,-17.6,0.0,0.0,0.0,0.0,-17.6,,0.0,0.0,0.0,-0.01660073170731707,41,4,8
José Altuve,HOU,128.4,-0.8,0.0,-6.0,-0.1,121.5,26.9,20.0,-5.0,-4.0,0.021016646101113968,2334,155,482
Starling Marte,NYM,84.6,-1.4,-0.0,0.0,0.0,83.2,26.6,0.0,0.0,0.0,0.009075940286624206,1256,96,229
Travis D'Arnaud,LAA,134.8,-2.0,-0.0,0.0,0.6,133.4,26.3,0.0,0.0,0.0,0.021269609392898053,873,67,140
Freddie Freeman,LAD,161.2,-3.4,-0.0,-4.5,0.3,153.6,25.6,0.0,-5.0,-3.0,0.029045954715413377,2407,147,430
Jason Heyward,SD,10.7,-0.2,0.0,0.0,-0.0,10.5,27.2,0.0,0.0,0.0,-0.00945451585014409,347,31,68
Dj Lemahieu,NYY,77.6,-3.4,-0.0,0.0,0.4,74.6,25.6,0.0,-1.0,0.0,0.008319725417439703,539,41,92
Giancarlo Stanton,NYY,221.0,-7.6,0.0,-3.0,0.4,210.8,23.5,0.0,-2.0,-2.0,0.045974309328968906,1222,77,152
Salvador Pérez,KC,157.2,-5.8,-0.0,0.0,0.8,152.2,24.4,0.0,0.0,0.0,0.027223714910362923,2287,155,471
Wilmer Flores,SF,143.8,-5.6,-0.0,-1.5,1.0,137.7,24.5,0.0,-1.0,-1.0,0.022779008844953173,1922,125,330
Marcell Ozuna,ATL,107.6,-4.0,0.0,0.0,0.7,104.3,25.3,0.0,0.0,0.0,0.01563691562618237,2643,145,346
Jon Berti,CHC,-6.1,2.0,-0.0,-3.0,-0.2,-7.3,28.3,0.0,-2.0,-2.0,-0.013655344173441733,369,40,72
Rob Brantly,MIA,93.3,0.0,0.0,0.0,0.0,93.3,,0.0,0.0,0.0,0.01006578947368421,19,3,6
Kyle Higashioka,TEX,136.2,-4.4,0.0,0.0,0.6,132.4,25.1,0.0,0.0,0.0,0.0240675203125,1280,93,231
James Mccann,AZ,113.8,-1.8,-0.0,0.0,0.5,112.5,26.4,0.0,0.0,0.0,0.01694396653543307,508,38,91
Austin Nola,COL,11.5,-3.0,-0.0,0.0,0.0,8.5,25.8,0.0,0.0,0.0,-0.008685574324324324,148,14,34
Marcus Semien,TEX,97.7,2.4,0.0,7.5,-0.2,107.4,28.5,2.0,7.0,5.0,0.01384885260115607,2076,127,383
George Springer,TOR,177.7,1.4,-0.0,-7.5,0.0,171.6,28.0,0.0,-6.0,-5.0,0.03325345030250649,2314,138,389
Christian Vázquez,MIN,61.5,-5.2,-0.0,0.0,0.8,57.1,24.7,0.0,0.0,0.0,0.0036069916067146286,834,62,154
Ildemaro Vargas,AZ,145.8,0.2,0.0,3.0,0.2,149.2,27.4,0.0,3.0,2.0,0.02512532325581396,430,37,102
Randal Grichuk,AZ,121.4,-0.4,0.2,-3.0,0.1,118.3,27.1,0.0,-2.0,-2.0,0.018901044862518087,691,70,137
Randal Grichuk,KC,30.4,-0.4,-0.4,-3.0,0.1,26.7,27.1,0.0,-2.0,-2.0,-0.004457443589743589,390,42,75
Mike Trout,LAA,136.9,1.2,-0.0,-3.0,-0.4,134.7,27.9,0.0,-2.0,-2.0,0.021789347670250897,2511,130,283
Bryce Harper,PHI,147.4,-0.6,-0.0,1.5,0.0,148.3,27.0,0.0,1.0,1.0,0.027404265148063784,2195,132,382
Elías Díaz,SD,85.4,-4.6,-0.0,0.0,0.8,81.6,25.0,0.0,0.0,0.0,0.008844787878787876,1056,96,186
Omar Narváez,CWS,97.4,0.0,0.0,0.0,0.0,97.4,,0.0,0.0,0.0,0.012023255813953488,43,3,7
Eugenio Suárez,AZ,216.8,-1.8,0.3,-6.0,0.3,209.6,26.4,0.0,-6.0,-4.0,0.04320503850641774,1714,106,271
Eugenio Suárez,SEA,134.2,-1.8,-0.6,-6.0,0.3,126.1,26.4,0.0,-6.0,-4.0,0.01907632817679558,905,53,123
Gio Urshela,ATH,68.0,-6.2,0.0,-3.0,0.7,59.5,24.2,0.0,-2.0,-2.0,0.004942009762900977,717,56,143
Nolan Arenado,STL,118.7,-3.6,-0.0,3.0,0.9,119.0,25.5,0.0,3.0,2.0,0.018203643792888337,1603,106,352
Tucker Barnhart,TEX,6.7,0.0,-0.0,0.0,0.0,6.7,,0.0,0.0,0.0,-0.010285344827586208,58,6,9
Kyle Farmer,COL,75.5,-2.2,-0.0,-6.0,0.4,67.7,26.2,0.0,-5.0,-4.0,0.010066080835603999,1101,96,211
Enrique Hernández,LAD,86.6,-0.8,-0.0,6.0,0.4,92.2,26.9,0.0,5.0,4.0,0.01002124245472837,994,83,161
Luke Maile,KC,91.3,-6.8,-0.0,0.0,0.0,84.5,23.9,0.0,0.0,0.0,0.010761004672897197,214,19,31
Max Muncy,LAD,158.1,-0.6,0.0,-6.0,-0.3,151.2,27.0,0.0,-5.0,-4.0,0.028257599504029757,1613,98,231
Jon Singleton,HOU,-110.3,0.0,0.0,0.0,0.0,-110.3,,0.0,0.0,0.0,-0.04046600000000001,25,3,8
Michael Taylor,CWS,98.3,1.0,-0.0,4.5,-0.2,103.6,27.8,1.0,3.0,3.0,0.012244209119496858,1272,110,191
Christian Walker,HOU,158.1,-2.2,-0.0,3.0,0.3,159.2,26.2,0.0,2.0,2.0,0.028643594680428743,2519,154,409
Mike Yastrzemski,KC,112.1,-0.8,0.5,-3.0,-0.2,108.6,26.9,0.0,-3.0,-2.0,0.015944680399500626,801,49,138
Mike Yastrzemski,SF,89.1,-0.8,-0.3,-3.0,-0.2,84.8,26.9,0.0,-3.0,-2.0,0.009521159868421053,1520,95,234
Willson Contreras,STL,145.3,0.4,-0.0,6.0,0.1,151.8,27.5,0.0,6.0,4.0,0.024986995839112344,2163,135,351
Jose Iglesias,SD,91.9,1.0,0.0,-3.0,-0.0,89.9,27.8,0.0,-3.0,-2.0,0.010423975182481754,1370,108,249
Kris Bryant,COL,-20.0,-3.2,0.0,0.0,0.0,-23.2,25.7,0.0,0.0,0.0,-0.017939952095808384,167,11,26
Mark Canha,KC,7.9,1.0,-0.0,0.0,0.1,9.0,27.8,0.0,0.0,0.0,-0.010100179841897233,506,46,91
Nick Castellanos,PHI,85.6,0.8,-0.0,-15.0,0.2,71.6,27.7,0.0,-12.0,-11.0,0.010862748616236163,2168,146,416
Aaron Judge,NYY,206.3,-0.4,-0.0,6.0,0.0,211.9,27.1,0.0,4.0,4.0,0.04213085590152064,2762,152,387
Manny Machado,SD,140.9,-3.0,0.0,-7.5,0.4,130.8,25.8,0.0,-6.0,-5.0,0.02242490622655664,2666,159,488
Joc Pederson,TEX,106.3,-4.2,0.0,0.0,0.3,102.4,25.2,0.0,0.0,0.0,0.016137080840743737,1237,96,200
J. T. Realmuto,PHI,104.9,2.2,-0.0,0.0,0.0,107.1,28.4,0.0,0.0,0.0,0.01601075329395729,2201,134,374
Hunter Renfroe,KC,-4.5,-0.6,-0.0,-1.5,0.4,-6.2,27.0,0.0,-1.0,-1.0,-0.013189271099744247,391,32,79
Eddie Rosario,ATL,-190.1,0.0,-5.6,0.0,0.0,-195.7,,0.0,0.0,0.0,-0.06102557142857142,14,2,2
Eddie Rosario,LAD,-51.7,0.0,2.8,0.0,0.0,-48.9,,0.0,0.0,0.0,-0.02525555555555555,9,2,4
Christian Yelich,MIL,122.9,1.8,-0.0,-4.5,-0.3,119.9,28.2,5.0,-3.0,-3.0,0.019890090076335878,2620,150,402
Xander Bogaerts,SD,105.6,0.6,0.0,9.0,0.1,115.3,27.6,0.0,8.0,6.0,0.013776050236966826,2110,136,405
Jorge Polanco,SEA,226.6,-0.4,-0.0,-4.5,-0.1,221.6,27.1,0.0,-4.0,-3.0,0.040519139340226495,2031,137,396
Jorge Alfaro,WSH,51.3,1.8,-0.0,0.0,0.0,53.1,28.2,0.0,0.0,0.0,0.0008809852941176498,136,11,24
Jurickson Profar,ATL,131.9,-2.0,0.0,-9.0,0.2,121.1,26.3,0.0,-6.0,-6.0,0.02190172836386608,1583,80,257
Javier Báez,DET,121.1,0.4,0.0,7.5,0.2,129.2,27.5,0.0,6.0,5.0,0.01850118976683938,1544,123,308
Austin Hedges,CLE,13.9,-4.6,-0.0,0.0,0.8,10.1,25.0,0.0,0.0,0.0,-0.008542258620689655,696,58,118
Francisco Lindor,NYM,129.8,0.2,0.0,6.0,-0.1,135.9,27.4,1.0,5.0,4.0,0.020378072154471544,2952,160,518
Austin Slater,CWS,93.2,1.4,0.1,1.5,-0.3,95.9,28.0,1.0,1.0,1.0,0.010985475925925926,540,51,88
Austin Slater,NYY,-55.8,1.4,-1.1,1.5,-0.3,-54.3,28.0,1.0,1.0,1.0,-0.02671153846153846,104,10,8
Trevor Story,BOS,124.6,2.6,0.0,-10.5,-0.3,116.4,28.6,1.0,-9.0,-7.0,0.021921542591844975,2477,156,434
Garrett Stubbs,PHI,-112.4,0.0,0.0,0.0,0.0,-112.4,,0.0,0.0,0.0,-0.0421625,4,1,1
Gary Sánchez,BAL,157.0,-5.4,-0.0,0.0,0.0,151.6,24.6,0.0,0.0,0.0,0.025975672289156627,415,28,65
Max Kepler,PHI,119.4,-0.6,0.0,0.0,-0.2,118.6,27.0,0.0,0.0,0.0,0.019913910081743872,1835,126,329
Jeimer Candelario,CIN,17.6,-1.2,-0.0,1.5,0.1,18.0,26.7,0.0,1.0,1.0,-0.007304805333333333,375,22,53
Ramón Urías,BAL,97.4,-0.6,-0.2,6.0,0.2,102.8,27.0,0.0,5.0,4.0,0.011523436459246274,1141,77,205
Ramón Urías,HOU,62.5,-0.6,0.5,6.0,0.2,68.6,27.0,0.0,5.0,4.0,0.004025053908355794,371,33,66
Nick Ahmed,TEX,-87.3,0.0,0.0,1.5,0.0,-85.8,,0.0,1.0,1.0,-0.03520883870967742,31,5,5
Austin Barnes,LAD,15.0,-3.4,-0.0,0.0,0.5,12.1,25.6,0.0,0.0,0.0,-0.00823485975609756,164,13,29
Josh Bell,WSH,104.1,-4.2,-0.0,-4.5,0.6,96.0,25.2,0.0,-4.0,-3.0,0.014207540180694247,2103,140,380
Mookie Betts,LAD,123.9,-0.8,0.0,6.0,0.1,129.2,26.9,0.0,6.0,4.0,0.019528753236245956,2472,150,529
Víctor Caratini,HOU,98.1,-6.0,-0.0,0.0,0.5,92.6,24.3,0.0,-1.0,0.0,0.013198119887165023,1418,113,284
J. D. Davis,LAA,-87.3,0.0,0.0,0.0,0.0,-87.3,,0.0,0.0,0.0,-0.0336658064516129,31,5,6
Aramis Garcia,AZ,-126.9,0.0,0.0,0.0,0.0,-126.9,,0.0,0.0,0.0,-0.044428125,16,1,1
Vimael Machín,BAL,-33.1,0.0,-0.0,1.5,0.0,-31.6,,0.0,1.0,1.0,-0.020075263157894735,38,4,9
Nick Martini,COL,29.5,0.2,0.0,-1.5,-0.1,28.1,27.4,0.0,-1.0,-1.0,-0.003408350917431193,436,43,83
Orlando Arcia,ATL,20.8,-3.6,-0.4,3.0,0.6,20.4,25.5,0.0,2.0,2.0,-0.0066958303571428585,112,10,22
Orlando Arcia,COL,81.1,-3.6,0.1,3.0,0.6,81.2,25.5,0.0,2.0,2.0,0.011713934523809526,672,55,132
Teoscar Hernández,LAD,140.3,1.6,-0.0,-12.0,0.0,129.9,28.1,1.0,-9.0,-8.0,0.023718536966824647,2110,132,374
Ketel Marte,AZ,177.8,-1.4,-0.0,1.5,0.2,178.1,26.6,0.0,1.0,1.0,0.03326189749645725,2117,126,400
Eric Haase,MIL,84.4,2.0,0.0,0.0,0.0,86.4,28.3,0.0,0.0,0.0,0.009888368731563422,339,27,40
Brandon Nimmo,NYM,109.3,-0.0,-0.0,-1.5,-0.2,107.6,27.3,0.0,-1.0,-1.0,0.015249975460122698,2608,155,453
Colin Rea,CHC,-157.7,0.0,0.0,0.0,0.0,-157.7,,0.0,0.0,0.0,-0.053470000000000004,5,1,0
Trea Turner,PHI,124.8,6.0,-0.0,15.0,-0.3,145.5,30.3,117.0,17.0,13.0,0.021345751658374795,2412,141,477
Kevin Pillar,TEX,-24.5,2.2,-0.0,0.0,0.0,-22.3,28.4,0.0,0.0,0.0,-0.01856036363636364,154,19,35
Jacob Stallings,BAL,-12.8,-7.4,0.1,0.0,1.2,-18.9,23.6,0.0,0.0,0.0,-0.015162384615384614,130,13,25
Jacob Stallings,COL,15.1,-7.4,-0.0,0.0,1.2,8.9,23.6,0.0,0.0,0.0,-0.0076286885714285735,350,28,54
José Ramírez,CLE,197.1,2.2,-0.0,9.0,-0.3,208.0,28.4,7.0,7.0,6.0,0.03769363590116279,2752,158,520
Alex Bregman,BOS,128.4,-2.6,-0.0,4.5,0.2,130.5,26.0,0.0,3.0,3.0,0.02297786180520143,1961,114,362
Carson Kelly,CHC,111.0,-2.6,-0.0,0.0,0.5,108.9,26.0,0.0,0.0,0.0,0.017089303214069134,1649,108,288
Corey Seager,TEX,154.9,-4.0,-0.0,4.5,0.2,155.6,25.3,0.0,4.0,3.0,0.029002173887587822,1708,102,292
Jesse Winker,NYM,117.7,-3.0,0.0,0.0,0.0,114.7,25.8,0.0,0.0,0.0,0.017354818749999994,320,26,51
Travis Jankowski,CWS,-60.1,4.0,-0.8,1.5,0.0,-55.4,29.3,8.0,1.0,1.0,-0.02692450980392157,51,6,11
Travis Jankowski,NYM,-44.0,4.0,-3.5,1.5,0.0,-42.0,29.3,8.0,1.0,1.0,-0.023064999999999995,2,1,1
Travis Jankowski,TB,99.8,4.0,0.6,1.5,0.0,105.9,29.3,8.0,1.0,1.0,0.012355705426356589,129,11,23
Rob Refsnyder,BOS,124.8,-1.2,-0.0,-1.5,0.1,122.2,26.7,0.0,-1.0,-1.0,0.02198591816143498,892,70,128
Miguel Andújar,ATH,132.3,-0.8,-0.2,-7.5,0.2,124.0,26.9,0.0,-6.0,-5.0,0.020991333333333334,810,60,189
Miguel Andújar,CIN,183.7,-0.8,0.5,-7.5,0.2,176.1,26.9,0.0,-6.0,-5.0,0.0375973,410,34,84
Luis Torrens,NYM,75.9,-1.4,-0.0,0.0,0.4,74.9,26.6,0.0,0.0,0.0,0.006914729906542057,1070,88,205
Dansby Swanson,CHC,89.4,2.4,0.0,4.5,-0.1,96.2,28.5,3.0,4.0,3.0,0.011419805856397916,2493,157,418
Kevin Newman,LAA,66.4,-0.6,-0.0,-3.0,0.3,63.1,27.0,0.0,-2.0,-2.0,0.00436680528846154,416,44,89
Chris Taylor,LAA,78.2,1.0,0.6,0.0,0.3,80.1,27.8,0.0,0.0,0.0,0.007268361194029853,335,28,50
Chris Taylor,LAD,-32.2,1.0,-1.4,0.0,0.3,-32.3,27.8,0.0,0.0,0.0,-0.02027017857142857,140,15,22
Carlos Correa,HOU,126.8,-1.6,-0.3,0.0,0.2,125.1,26.5,0.0,0.0,0.0,0.020581980284775463,913,51,153
Carlos Correa,MIN,58.4,-1.6,0.2,0.0,0.2,57.2,26.5,0.0,0.0,0.0,0.0028210836311651183,1399,92,269
Tyrone Taylor,NYM,52.8,4.0,0.0,4.5,-0.2,61.1,29.3,11.0,3.0,3.0,0.0011266706634692244,1251,100,237
Byron Buxton,MIN,191.1,5.8,0.0,3.0,-0.4,199.5,30.2,56.0,3.0,2.0,0.03667037962962963,2052,126,340
Taylor Ward,LAA,160.0,-0.0,0.0,0.0,-0.0,160.0,27.3,1.0,0.0,0.0,0.027502364027230386,2791,157,406
Tomás Nido,DET,21.8,-4.4,0.0,0.0,0.0,17.4,25.1,0.0,0.0,0.0,-0.006564716666666665,120,10,26
Matt Olson,ATL,144.7,-4.2,-0.0,10.5,0.5,151.5,25.2,0.0,9.0,7.0,0.02521293442622951,3172,162,452
Donovan Walton,PHI,-56.3,-2.6,0.0,0.0,0.0,-58.9,26.0,0.0,0.0,0.0,-0.027133333333333336,27,2,8
Manuel Margot,DET,172.4,-4.0,0.0,0.0,0.0,168.4,25.3,0.0,0.0,0.0,0.031447191176470594,68,6,14
Pablo Reyes,NYY,-14.7,-0.8,0.0,-3.0,0.0,-18.5,26.9,0.0,-2.0,-2.0,-0.01592072519083969,131,20,22
Jorge Mateo,BAL,0.6,4.0,0.0,-4.5,-0.4,-0.3,29.3,11.0,-4.0,-3.0,-0.011921607142857142,336,28,49
Tyler Heineman,TOR,110.6,-2.0,-0.0,0.0,0.3,108.9,26.3,0.0,0.0,0.0,0.01613501751592357,628,54,125
Anthony Santander,TOR,70.3,-2.6,-0.0,-3.0,0.3,65.0,26.0,0.0,-2.0,-2.0,0.005853203624733476,938,54,134
Pete Alonso,NYM,188.9,-4.0,-0.0,-10.5,0.6,175.0,25.3,0.0,-9.0,-7.0,0.03514507008849558,2825,162,469
Cavan Biggio,KC,50.4,1.6,0.0,1.5,0.0,53.5,28.1,0.0,1.0,1.0,0.0005330350877192979,342,29,50
Michael Conforto,LAD,73.5,-2.6,-0.0,-10.5,0.0,60.4,26.0,0.0,-8.0,-7.0,0.006669538575667656,2022,135,295
Adam Frazier,KC,110.7,-1.4,0.0,0.0,-0.0,109.3,26.6,0.0,0.0,0.0,0.01560950740740741,810,56,149
Adam Frazier,PIT,79.9,-1.4,-0.0,0.0,-0.0,78.5,26.6,0.0,0.0,0.0,0.007088316650625601,1039,78,193
Jose Trevino,CIN,59.6,-6.0,-0.0,0.0,0.6,54.2,24.3,0.0,0.0,0.0,0.0040533922859830665,1063,89,246
Reese Mcguire,CHC,171.7,-2.8,0.0,0.0,0.4,169.3,25.9,0.0,0.0,0.0,0.033018623762376235,505,40,109
Dom Nuñez,CLE,-42.1,0.0,0.0,0.0,0.0,-42.1,,0.0,0.0,0.0,-0.022687642857142858,28,2,3
Jorge Soler,LAA,106.3,-2.6,-0.0,-4.5,0.6,99.8,26.0,0.0,-4.0,-3.0,0.014224004647560034,1291,81,185
Edmundo Sosa,PHI,122.7,4.2,-0.0,6.0,-0.4,132.5,29.4,32.0,5.0,4.0,0.020784952279957587,943,84,190
Andy Ibáñez,DET,82.0,0.4,-0.0,3.0,0.2,85.6,27.5,0.0,2.0,2.0,0.00864560055865922,716,86,150
Jake Cronenworth,SD,101.4,1.6,-0.0,0.0,-0.4,102.6,28.1,0.0,0.0,0.0,0.012760202468007313,2188,135,319
Brian Navarreto,MIA,118.6,-1.2,-0.0,0.0,0.0,117.4,26.7,0.0,0.0,0.0,0.01605909523809524,42,6,12
José Azocar,ATL,-121.0,3.2,-2.9,-1.5,0.0,-122.2,28.9,2.0,-1.0,-1.0,-0.0432125,4,1,1
José Azocar,NYM,95.8,3.2,0.2,-1.5,0.0,97.7,28.9,2.0,-1.0,-1.0,0.011874952380952375,63,8,17
Jhonny Pereda,ATH,33.5,-4.6,-0.1,0.0,0.9,29.7,25.0,0.0,0.0,0.0,-0.0037024901960784305,204,16,26
Jhonny Pereda,MIN,78.9,-4.6,0.1,0.0,0.9,75.3,25.0,0.0,0.0,0.0,0.008068418604651163,129,10,22
Tyler Alexander,CWS,-305.7,0.0,0.0,0.0,0.0,-305.7,,0.0,0.0,0.0,-0.0876705,4,1,1
Tim Anderson,LAA,13.9,1.2,0.0,6.0,-0.2,20.9,27.9,3.0,5.0,4.0,-0.008617775757575758,330,28,55
Jake Bauers,MIL,107.5,-0.4,0.0,-1.5,-0.0,105.6,27.1,0.0,-1.0,-1.0,0.01589707991120977,901,83,125
Cody Bellinger,NYY,134.1,1.8,0.0,9.0,-0.4,144.5,28.2,1.0,7.0,6.0,0.023157295996920707,2598,152,505
J. P. Crawford,SEA,113.9,-1.2,-0.0,-15.0,0.0,97.7,26.7,0.0,-13.0,-10.0,0.014366479356960176,2737,155,455
J. C. Escarra,NYY,47.6,-3.0,0.0,0.0,0.2,44.8,25.8,0.0,0.0,0.0,0.00043381518987341776,395,34,71
Jake Fraley,ATL,40.8,2.2,-0.1,0.0,-0.5,42.4,28.4,0.0,0.0,0.0,-0.0015597333333333334,90,9,14
Jake Fraley,CIN,116.0,2.2,0.0,0.0,-0.5,117.7,28.4,0.0,0.0,0.0,0.01928875300400534,749,63,126
Mitch Garver,SEA,102.8,-2.6,-0.0,0.0,0.5,100.7,26.0,0.0,0.0,0.0,0.011793141880341883,1170,87,176
Luis Guillorme,HOU,-56.0,-6.6,0.0,1.5,0.0,-61.1,24.0,0.0,2.0,1.0,-0.026496679012345682,81,9,12
Garrett Hampson,AZ,38.3,3.2,-0.2,4.5,-0.4,45.4,28.9,5.0,3.0,3.0,-0.0022966666666666665,180,15,22
Garrett Hampson,CIN,6.0,3.2,-0.1,4.5,-0.4,13.2,28.9,5.0,3.0,3.0,-0.010438441558441558,77,6,12
Garrett Hampson,STL,-55.3,3.2,0.3,4.5,-0.4,-47.7,28.9,5.0,3.0,3.0,-0.026162370967741936,124,18,17
Jonah Heim,TEX,81.5,-4.2,-0.0,0.0,0.6,77.9,25.2,0.0,0.0,0.0,0.009542788145539906,1704,122,307
Billy Mckinney,TEX,50.4,-1.0,-0.0,0.0,0.0,49.4,26.8,0.0,0.0,0.0,0.0013143255813953477,86,6,18
Ryan Mcmahon,COL,78.1,-1.2,0.2,7.5,-0.1,84.5,26.7,0.0,6.0,5.0,0.010853559953434228,1718,99,224
Ryan Mcmahon,NYY,66.2,-1.2,-0.4,7.5,-0.1,72.0,26.7,0.0,6.0,5.0,0.005333829516539442,786,52,99
Tyler O'Neill,BAL,96.8,2.0,0.0,-4.5,-0.2,94.1,28.3,0.0,-4.0,-3.0,0.01138309915356711,827,54,132
Joshua Palacios,CWS,34.9,-1.0,-0.0,-6.0,-0.3,27.6,26.8,0.0,-4.0,-4.0,-0.0034288835125448024,558,46,92
Chuckie Robinson,LAD,0.8,0.0,0.0,0.0,0.0,0.8,,0.0,0.0,0.0,-0.011861,4,1,2
Dominic Smith,SF,138.0,-3.2,0.0,-4.5,0.5,130.8,25.7,0.0,-3.0,-3.0,0.02135784606345476,851,63,166
Rowdy Tellez,SEA,160.0,-7.6,0.2,-4.5,0.8,148.9,23.5,0.0,-4.0,-3.0,0.0250531265474553,727,60,126
Rowdy Tellez,TEX,176.5,-7.6,-0.3,-4.5,0.8,164.9,23.5,0.0,-4.0,-3.0,0.034731333333333336,561,50,82
Matt Thaiss,CWS,119.8,-4.2,-0.3,0.0,0.3,115.6,25.2,0.0,0.0,0.0,0.017568563876651986,454,35,64
Matt Thaiss,TB,34.0,-4.2,0.5,0.0,0.3,30.6,25.2,0.0,0.0,0.0,-0.0037453280254777068,314,24,47
Tyler Wade,SD,63.6,1.6,-0.0,-4.5,-0.3,60.4,28.1,0.0,-4.0,-3.0,0.0034942173038229364,497,48,79
Eli White,ATL,88.3,5.2,0.0,3.0,-0.4,96.1,29.9,35.0,2.0,2.0,0.010676097706879363,1003,89,184
Weston Wilson,PHI,119.4,1.6,-0.0,-4.5,0.0,116.5,28.1,0.0,-4.0,-3.0,0.019899309701492535,536,46,77
José Siri,NYM,-20.1,2.4,0.0,-1.5,0.0,-19.2,28.5,4.0,-1.0,-1.0,-0.017089165644171782,163,12,15
Amed Rosario,NYY,107.0,0.4,-0.7,-7.5,0.2,99.4,27.5,0.0,-7.0,-5.0,0.01604448305084746,118,15,24
Amed Rosario,WSH,94.6,0.4,0.1,-7.5,0.2,87.8,27.5,0.0,-7.0,-5.0,0.011806282196969697,528,45,126
Willy Adames,SF,137.9,1.4,-0.0,6.0,0.0,145.3,28.0,0.0,5.0,4.0,0.021342224438902744,2807,159,419
Sergio Alcántara,SF,-121.8,0.0,0.0,0.0,0.0,-121.8,,0.0,0.0,0.0,-0.041555555555555554,18,1,2
Thairo Estrada,COL,88.0,1.0,0.0,-1.5,-0.1,87.4,27.8,0.0,-1.0,-1.0,0.013742223198594026,569,39,129
Austin Wynns,ATH,141.8,-5.8,-0.5,0.0,1.0,136.5,24.4,0.0,0.0,0.0,0.023360767790262173,267,19,44
Austin Wynns,CIN,182.3,-5.8,0.8,0.0,1.0,178.3,24.4,0.0,0.0,0.0,0.03720615168539326,178,16,28
Andrew Benintendi,CWS,139.4,-1.2,-0.0,-10.5,-0.2,127.5,26.7,0.0,-8.0,-7.0,0.022421223250433775,1729,116,340
Mauricio Dubón,HOU,69.8,1.4,0.0,15.0,-0.1,86.1,28.0,0.0,20.0,15.0,0.005905600297176821,1346,119,331
Danny Jansen,MIL,94.7,-2.4,-0.3,0.0,0.6,92.6,26.1,0.0,0.0,0.0,0.012558369905956114,319,25,49
Danny Jansen,TB,143.9,-2.4,0.1,0.0,0.6,142.2,26.1,0.0,0.0,0.0,0.023154742028985507,1035,73,154
Isiah Kiner-Falefa,PIT,73.7,0.2,-0.1,0.0,0.1,73.9,27.4,0.0,-1.0,0.0,0.005606327011118378,1529,119,333
Isiah Kiner-Falefa,TOR,67.9,0.2,0.8,0.0,0.1,69.0,27.4,0.0,-1.0,0.0,0.005249902912621356,103,13,22
Jeff Mcneil,NYM,139.2,-1.6,-0.0,1.5,-0.0,139.1,26.5,0.0,2.0,1.0,0.022710493364108485,1733,122,347
Mike Tauchman,CWS,111.7,-4.8,0.0,0.0,0.2,107.1,24.9,0.0,0.0,0.0,0.015552831242158095,1594,93,248
Chadwick Tromp,ATL,-66.4,-10.0,-1.0,0.0,0.0,-77.4,21.7,0.0,0.0,0.0,-0.02915833333333333,24,2,3
Chadwick Tromp,BAL,52.3,-10.0,0.3,0.0,0.0,42.6,21.7,0.0,0.0,0.0,0.0005948888888888885,45,5,11
Ozzie Albies,ATL,96.6,-0.2,0.0,-4.5,-0.0,91.9,27.2,0.0,-4.0,-3.0,0.01281625259228536,2411,157,507
Víctor Robles,SEA,38.4,1.6,0.0,0.0,-0.1,39.9,28.1,8.0,0.0,0.0,-0.0031552320000000004,375,31,80
Ali Sánchez,BOS,-71.5,-4.2,-0.9,0.0,0.0,-76.6,25.2,0.0,0.0,0.0,-0.03156818181818182,11,2,1
Ali Sánchez,TOR,-9.4,-4.2,0.1,0.0,0.0,-13.5,25.2,0.0,0.0,0.0,-0.014466623188405798,69,7,16
José Herrera,AZ,56.3,-5.0,-0.0,0.0,0.5,51.8,24.8,0.0,0.0,0.0,0.0022819437939110075,854,57,133
Rafael Devers,BOS,143.4,-4.6,-0.0,-1.5,0.4,137.7,25.0,0.0,-1.0,-1.0,0.027060295903954805,1416,73,196
Rafael Devers,SF,145.0,-4.6,0.0,-1.5,0.4,139.3,25.0,0.0,-1.0,-1.0,0.023058161921708186,1686,90,221
Josh Naylor,AZ,156.3,-5.8,-0.0,3.0,0.4,153.9,24.4,0.0,2.0,2.0,0.027788721920991483,1291,93,303
Josh Naylor,SEA,163.4,-5.8,0.0,3.0,0.4,161.0,24.4,0.0,2.0,2.0,0.025846674293405116,743,53,160
Abraham Toro,BOS,67.4,1.2,0.0,-4.5,-0.3,63.8,27.9,0.0,-4.0,-3.0,0.006329709648331831,1109,77,217
Luis Urías,ATH,103.0,-2.6,0.0,-6.0,0.3,94.7,26.0,0.0,-6.0,-4.0,0.01368006216423638,1303,92,241
Luis Arráez,SD,95.8,-1.6,0.0,-9.0,-0.0,85.2,26.5,0.0,-9.0,-6.0,0.01138517139384117,2468,154,616
Gleyber Torres,DET,107.9,-2.2,-0.0,-6.0,0.4,100.1,26.2,0.0,-5.0,-4.0,0.015175628862094951,2654,145,434
Willi Castro,CHC,-1.1,1.8,-0.9,-9.0,0.0,-9.2,28.2,1.0,-9.0,-6.0,-0.01234827251184834,422,34,72
Willi Castro,MIN,105.5,1.8,0.3,-9.0,0.0,98.6,28.2,1.0,-9.0,-6.0,0.014850335356600911,1318,85,219
Yandy Díaz,TB,147.7,-2.4,0.0,-7.5,0.3,138.1,26.1,0.0,-7.0,-5.0,0.024103697208022024,2543,150,493
Bryan De La Cruz,ATL,-10.0,1.0,-0.0,0.0,0.0,-9.0,27.8,0.0,0.0,0.0,-0.014636759776536312,179,16,28
Luis Rengifo,LAA,79.2,-0.6,0.0,-4.5,0.0,74.1,27.0,0.0,-4.0,-3.0,0.007519966185977127,2011,146,397
Yohel Pozo,STL,171.0,-5.0,-0.0,0.0,1.0,167.0,24.8,0.0,0.0,0.0,0.031541883248730966,591,63,138
Andruw Monasterio,MIL,110.2,0.8,0.0,1.5,0.0,112.5,27.7,0.0,1.0,1.0,0.016608611111111112,558,47,93
Riley Adams,WSH,73.2,-1.4,0.0,0.0,0.2,72.0,26.6,0.0,0.0,0.0,0.006420743103448277,1160,81,151
Greg Allen,BAL,-133.9,0.0,0.0,0.0,0.0,-133.9,,0.0,0.0,0.0,-0.04448769230769231,52,6,9
Sean Bouchard,COL,40.8,-1.0,-0.0,-3.0,0.1,36.9,26.8,0.0,-2.0,-2.0,-9.904379562044082e-05,274,31,38
Matt Chapman,SF,147.3,1.6,0.0,4.5,0.0,153.4,28.1,0.0,4.0,3.0,0.023617027112516946,2213,127,329
Stuart Fairchild,ATL,-2.2,3.0,-0.0,0.0,0.0,0.8,28.8,0.0,0.0,0.0,-0.012624382653061223,196,22,35
Tristan Gray,TB,151.0,-0.4,-0.0,-1.5,0.0,149.1,27.1,0.0,-1.0,-1.0,0.024904076190476195,315,29,61
Derek Hill,CWS,151.8,5.6,-3.7,7.5,-0.4,160.8,30.1,24.0,5.0,5.0,0.0254860909090909,22,3,5
Derek Hill,MIA,76.1,5.6,0.2,7.5,-0.4,89.0,30.1,24.0,5.0,5.0,0.005982078994614005,557,46,83
Sam Hilliard,COL,88.2,3.2,-0.0,-1.5,0.0,89.9,28.9,3.0,-1.0,-1.0,0.013787427536231885,276,18,28
Rhys Hoskins,MIL,94.7,-5.0,0.0,1.5,0.8,92.0,24.8,0.0,1.0,1.0,0.012576019553072627,1432,90,192
Alex Jackson,BAL,92.4,0.6,0.0,0.0,-0.0,93.0,27.6,0.0,0.0,0.0,0.010331669172932333,399,31,54
Connor Joe,CIN,24.6,-0.6,0.0,-3.0,0.2,21.2,27.0,0.0,-3.0,-2.0,-0.005417494845360827,291,30,49
Connor Joe,SD,-95.8,-0.6,-0.2,-3.0,0.2,-99.4,27.0,0.0,-3.0,-2.0,-0.03551079069767442,43,7,3
Zach Mckinstry,DET,102.7,2.0,0.0,0.0,-0.2,104.5,28.3,0.0,0.0,0.0,0.013860380952380952,2037,142,346
Cedric Mullins,BAL,113.1,2.2,0.2,6.0,-0.5,121.0,28.4,12.0,4.0,4.0,0.01532757646276596,1504,89,233
Cedric Mullins,NYM,31.2,2.2,-0.4,6.0,-0.5,38.5,28.4,12.0,4.0,4.0,-0.0042643497536945804,609,41,88
Ryan O'Hearn,BAL,171.2,0.6,0.6,6.0,-0.2,178.2,27.6,0.0,5.0,4.0,0.02941823359209598,1417,94,250
Ryan O'Hearn,SD,127.4,0.6,-1.3,6.0,-0.2,132.5,27.6,0.0,5.0,4.0,0.01913457697283312,773,50,117
Emmanuel Rivera,BAL,59.4,-2.8,0.0,0.0,0.5,57.1,25.9,0.0,0.0,0.0,0.0023312920168067222,476,39,95
Kyle Schwarber,PHI,189.3,-2.8,-0.0,-3.0,0.0,183.5,25.9,0.0,-2.0,-2.0,0.03862669604666235,3086,162,406
Pavin Smith,AZ,112.2,-2.0,0.0,-1.5,0.1,108.8,26.3,0.0,-2.0,-1.0,0.016546141382049247,1259,86,153
Lane Thomas,CLE,27.5,4.0,-0.0,-1.5,-0.2,29.8,29.3,4.0,-2.0,-1.0,-0.005121902877697842,556,38,82
Alex Verdugo,ATL,59.1,-2.4,0.0,-7.5,0.0,49.2,26.1,0.0,-5.0,-5.0,0.0031462292849035196,881,56,166
Connor Wong,BOS,24.4,1.4,0.0,0.0,0.0,25.8,28.0,0.0,0.0,0.0,-0.0053943489932885905,745,55,126
Paul Dejong,WSH,78.2,-1.6,-0.0,-1.5,0.4,75.5,26.5,0.0,-1.0,-1.0,0.0076672154222766215,817,55,126
Ramón Laureano,BAL,169.2,1.0,-0.1,-12.0,-0.1,158.0,27.8,0.0,-9.0,-8.0,0.028935630578512395,1210,79,189
Ramón Laureano,SD,138.6,1.0,0.2,-12.0,-0.1,127.7,27.8,0.0,-9.0,-8.0,0.02186667632241814,794,50,136
Gavin Sheets,SD,153.0,-0.6,-0.0,-4.5,0.2,148.1,27.0,0.0,-4.0,-3.0,0.02539737450722733,2283,145,387
Yoán Moncada,LAA,162.0,-2.2,-0.0,-15.0,0.0,144.8,26.2,0.0,-13.0,-10.0,0.028003589065255734,1134,83,174
Shohei Ohtani,LAD,197.1,1.4,-0.0,0.0,-0.4,198.1,28.0,1.0,0.0,0.0,0.038191133356305994,2902,156,416
Vidal Bruján,ATL,114.8,-0.6,0.2,0.0,-0.2,114.2,27.0,0.0,-1.0,0.0,0.01751340236686391,169,20,32
Vidal Bruján,BAL,423.2,-0.6,3.7,0.0,-0.2,426.1,27.0,0.0,-1.0,0.0,0.09045000000000002,2,1,1
Vidal Bruján,CHC,-12.4,-0.6,-0.3,0.0,-0.2,-13.5,27.0,0.0,-1.0,0.0,-0.015324574712643679,174,24,34
Ronald Acuña,ATL,149.6,1.2,-0.0,-15.0,-0.2,135.6,27.9,2.0,-11.0,-10.0,0.026469689988623438,1758,95,236
Keibert Ruiz,WSH,80.8,-5.6,-0.0,0.0,0.4,75.6,24.5,0.0,0.0,0.0,0.008339245219347582,889,68,227
Oscar González,SD,0.6,1.6,0.0,1.5,0.2,3.9,28.1,0.0,1.0,1.0,-0.011906671296296297,216,20,46
Jesús Sánchez,HOU,51.1,-0.6,-0.5,-1.5,-0.3,48.2,27.0,0.0,-1.0,-1.0,0.0010986174603174607,630,48,105
Jesús Sánchez,MIA,124.8,-0.6,0.2,-1.5,-0.3,122.6,27.0,0.0,-1.0,-1.0,0.017538586890243905,1312,86,236
Leo Rivas,SEA,73.6,1.0,-0.0,1.5,0.0,76.1,27.8,0.0,1.0,1.0,0.00501929558541267,521,40,66
William Contreras,MIL,140.9,-2.2,0.0,0.0,0.2,138.9,26.2,1.0,0.0,0.0,0.02457703965785381,2572,150,444
Daulton Varsho,TOR,202.2,2.2,0.0,12.0,-0.3,216.1,28.4,2.0,9.0,8.0,0.03949880202020202,990,67,176
Jahmai Jones,DET,164.4,1.6,-0.0,-1.5,0.0,164.5,28.1,0.0,-1.0,-1.0,0.029429649916247906,597,70,96
Blake Perkins,MIL,74.6,3.6,-0.0,1.5,-0.4,79.3,29.1,13.0,1.0,1.0,0.007336323446327684,708,47,107
Lars Nootbaar,STL,91.8,-0.6,-0.0,-1.5,0.0,89.7,27.0,0.0,-1.0,-1.0,0.011347310998735777,2373,132,393
Tristin English,AZ,-53.1,-2.4,0.0,0.0,0.0,-55.5,26.1,0.0,0.0,0.0,-0.025600319587628866,97,7,14
Nico Hoerner,CHC,100.2,2.6,-0.0,15.0,-0.2,117.6,28.6,9.0,15.0,11.0,0.014243275443915114,2309,156,549
Hayden Senger,NYM,-33.9,-1.4,0.0,0.0,0.4,-34.9,26.6,0.0,0.0,0.0,-0.020538307086614173,254,28,52
Austin Riley,ATL,103.9,1.8,0.0,-1.5,-0.1,104.1,28.2,0.0,-1.0,-1.0,0.01468645854201447,1797,102,288
Brandon Lockridge,MIL,20.8,5.6,0.4,6.0,-0.4,32.4,30.1,31.0,5.0,4.0,-0.006663862068965518,232,14,37
Brandon Lockridge,SD,18.5,5.6,-0.2,6.0,-0.4,29.5,30.1,31.0,5.0,4.0,-0.0075353959537572245,346,37,66
Luken Baker,STL,59.7,-4.4,0.0,0.0,0.0,55.3,25.1,0.0,0.0,0.0,0.0031571764705882353,170,18,24
Trevor Larnach,MIN,111.2,-2.4,0.0,-6.0,0.1,102.9,26.1,0.0,-4.0,-4.0,0.01628931133363678,2197,141,381
Ryan Mountcastle,BAL,97.9,0.6,0.0,0.0,0.1,98.6,27.6,0.0,0.0,0.0,0.011659570479704798,1355,88,232
Ke'Bryan Hayes,CIN,93.7,-0.2,-0.7,15.0,0.2,108.0,27.2,0.0,21.0,16.0,0.013276197387518139,689,50,128
Ke'Bryan Hayes,PIT,54.2,-0.2,0.3,15.0,0.2,69.5,27.2,0.0,21.0,16.0,0.0009365936010891765,1469,99,286
Kyle Tucker,CHC,135.1,-1.6,0.0,-3.0,-0.0,130.5,26.5,0.0,-2.0,-2.0,0.023425901041666666,2304,134,407
Daz Cameron,MIL,15.4,0.8,0.0,0.0,0.0,16.2,27.7,0.0,0.0,0.0,-0.008064075471698112,159,17,28
Jonathan India,KC,88.5,1.8,0.0,-15.0,0.2,75.5,28.2,0.0,-14.0,-11.0,0.010057517372881356,2360,136,392
Joey Bart,PIT,80.9,-1.4,-0.0,0.0,0.2,79.7,26.6,0.0,0.0,0.0,0.007319032665181886,1347,90,191
Cal Raleigh,SEA,203.9,-2.6,0.0,0.0,0.5,201.8,26.0,0.0,0.0,0.0,0.03524215025906736,2895,159,410
Connor Kaiser,AZ,-51.4,0.0,0.0,1.5,0.0,-49.9,,0.0,1.0,1.0,-0.025155735294117645,68,7,13
Nick Fortes,MIA,91.9,-1.0,0.0,0.0,0.2,91.1,26.8,0.0,0.0,0.0,0.009739540186915887,535,52,110
Nick Fortes,TB,196.8,-1.0,-0.1,0.0,0.2,195.9,26.8,0.0,0.0,0.0,0.036109115789473685,380,34,62
Trent Grisham,NYY,156.3,-1.2,-0.0,-1.5,-0.3,153.3,26.7,0.0,-2.0,-1.0,0.028998209273182963,2394,138,350
Coco Montes,TB,-54.3,-3.4,-0.0,0.0,0.0,-57.7,25.6,0.0,0.0,0.0,-0.025344259259259264,27,4,7
Matt Vierling,DET,63.4,0.8,0.0,0.0,0.1,64.3,27.7,0.0,0.0,0.0,0.003945745412844038,436,31,66
Romy Gonzalez,BOS,131.5,2.0,-0.0,-3.0,-0.2,130.3,28.3,3.0,-2.0,-2.0,0.023814870474658086,1243,93,232
Tyler Stephenson,CIN,131.5,-1.0,0.0,0.0,0.4,130.9,26.8,0.0,0.0,0.0,0.023472143575017947,1393,88,184
Luke Williams,ATL,-77.0,2.2,-0.0,-4.5,0.0,-79.3,28.4,0.0,-4.0,-3.0,-0.0318858125,112,18,23
Brendan Rodgers,HOU,45.1,-1.8,-0.0,0.0,0.2,43.5,26.4,0.0,0.0,0.0,-0.00044772073921971276,487,37,67
César Salazar,HOU,37.6,-9.8,-0.0,0.0,0.0,27.8,22.4,0.0,0.0,0.0,-0.002386249999999999,48,9,11
Jake Mangum,TB,79.6,3.6,0.0,7.5,-0.2,90.5,29.1,39.0,6.0,5.0,0.00743314077669903,1442,116,341
Nathaniel Lowe,BOS,101.7,-2.2,-0.1,-6.0,0.1,93.5,26.2,0.0,-5.0,-4.0,0.01569546771037182,511,34,74
Nathaniel Lowe,WSH,119.7,-2.2,0.0,-6.0,0.1,111.6,26.2,0.0,-5.0,-4.0,0.01815437274453941,2106,118,310
Ian Happ,CHC,118.0,0.2,0.0,0.0,0.2,118.4,27.4,0.0,0.0,0.0,0.018936184318097363,2691,148,416
Ty France,MIN,100.0,-4.4,-0.2,10.5,0.8,106.7,25.1,0.0,10.0,7.0,0.013425394470667568,1483,100,285
Ty France,TOR,68.6,-4.4,0.8,10.5,0.8,76.3,25.1,0.0,10.0,7.0,0.005433220812182743,394,36,76
Brandon Lowe,TB,175.1,-0.8,-0.0,-15.0,-0.2,159.1,26.9,0.0,-14.0,-11.0,0.030800499534450656,2148,134,360
Harrison Bader,MIN,140.4,3.0,0.0,9.0,-0.3,152.1,28.8,37.0,7.0,6.0,0.023748864227642278,1230,88,190
Harrison Bader,PHI,149.4,3.0,-0.0,9.0,-0.3,161.1,28.8,37.0,7.0,6.0,0.027924205056179773,712,48,123
Sam Haggerty,TEX,118.9,3.2,0.0,-3.0,-0.4,118.7,28.9,6.0,-3.0,-2.0,0.019476253869969044,646,58,121
Scott Kingery,LAA,-53.7,2.0,0.0,-1.5,0.0,-53.2,28.3,0.0,-1.0,-1.0,-0.02535335576923077,104,13,16
Dylan Moore,SEA,53.4,0.8,-0.0,-6.0,0.1,48.3,27.7,0.0,-5.0,-4.0,0.00031761910112359577,890,78,116
Dylan Moore,TEX,61.6,0.8,0.1,-6.0,0.1,56.6,27.7,0.0,-5.0,-4.0,0.0042723114754098365,122,16,22
Myles Straw,TOR,100.7,4.2,-0.0,13.5,-0.3,118.1,29.4,30.0,11.0,9.0,0.013601873417721521,1106,103,226
Kyle Isbel,KC,79.0,1.0,-0.0,15.0,-0.5,94.5,27.8,0.0,12.0,11.0,0.007677879673691367,1471,126,307
Alec Bohm,PHI,110.8,-1.6,0.0,-3.0,0.4,106.6,26.5,0.0,-2.0,-2.0,0.017602554384017758,1802,120,382
Nathan Lukes,TOR,150.5,-0.0,0.0,3.0,-0.1,153.4,27.3,0.0,3.0,2.0,0.02630066028708134,1672,129,337
Lamonte Wade,LAA,8.9,-2.6,0.7,-6.0,0.1,1.1,26.0,0.0,-5.0,-4.0,-0.009871445544554457,303,25,42
Lamonte Wade,SF,64.0,-2.6,-0.3,-6.0,0.1,55.2,26.0,0.0,-5.0,-4.0,0.0034291905405405398,740,49,111
Seth Brown,ATH,10.3,0.8,0.0,-3.0,-0.2,7.9,27.7,0.0,-3.0,-2.0,-0.00949840268456376,298,34,42
Brett Sullivan,PIT,23.1,0.0,0.0,0.0,0.0,23.1,,0.0,0.0,0.0,-0.006515555555555556,36,3,4
Jake Mccarthy,AZ,69.7,5.2,0.0,4.5,-0.5,78.9,29.9,30.0,3.0,3.0,0.005702949172576833,846,65,168
Kody Clemens,MIN,166.1,1.2,0.1,4.5,-0.3,171.6,27.9,0.0,4.0,3.0,0.03028418949468085,1504,105,253
Kody Clemens,PHI,-40.4,1.2,-2.8,4.5,-0.3,-37.8,27.9,0.0,4.0,3.0,-0.0228896551724138,29,7,6
Griffin Conine,MIA,178.4,0.6,-0.0,-1.5,-0.3,177.2,27.6,0.0,-1.0,-1.0,0.03023546153846154,338,24,53
Nick Maton,CWS,58.8,-4.0,-0.0,0.0,0.0,54.8,25.3,0.0,0.0,0.0,0.0024692520000000008,250,23,35
Jeremy Peña,HOU,141.4,4.6,0.0,9.0,-0.3,154.7,29.6,64.0,8.0,6.0,0.024352184004474274,1788,125,401
Fernando Tatís,SD,149.4,2.6,0.0,10.5,-0.1,162.4,28.6,17.0,8.0,7.0,0.024499550413844995,2658,155,460
Vladimir Guerrero,TOR,160.0,-0.8,0.0,-3.0,0.2,156.4,26.9,0.0,-2.0,-2.0,0.028747259771022507,2533,156,497
Rafael Marchán,PHI,105.0,-2.0,0.0,0.0,0.2,103.2,26.3,0.0,0.0,0.0,0.016038342047930285,459,39,90
Juan Soto,NYM,190.3,-3.0,-0.0,-15.0,0.3,172.6,25.8,0.0,-12.0,-11.0,0.03547893897180763,3015,160,441
Leody Taveras,SEA,60.7,3.0,0.8,-1.5,-0.6,62.4,28.8,9.0,-1.0,-1.0,0.002018134366925065,387,27,67
Leody Taveras,TEX,62.9,3.0,-0.9,-1.5,-0.6,62.9,28.8,9.0,-1.0,-1.0,0.004628433224755703,307,27,57
Miguel Amaya,CHC,234.9,-2.8,-0.0,0.0,0.6,232.7,25.9,0.0,0.0,0.0,0.04963414588859417,377,27,72
Oswaldo Cabrera,NYY,85.2,-1.4,-0.0,-1.5,-0.0,82.3,26.6,0.0,-1.0,-1.0,0.01032450113378685,441,33,81
Oneil Cruz,PIT,88.5,3.8,0.0,0.0,-0.4,91.9,29.2,42.0,0.0,0.0,0.009154160000000001,2250,134,300
Enmanuel Valdez,PIT,76.5,-2.4,-0.0,3.0,0.3,77.4,26.1,0.0,2.0,2.0,0.006276519083969468,393,30,75
Sebastián Rivero,LAA,65.7,-5.0,-0.0,0.0,0.0,60.7,24.8,0.0,0.0,0.0,0.004187968503937005,127,11,22
Jazz Chisholm,NYY,140.9,0.6,0.0,6.0,-0.2,147.3,27.6,3.0,5.0,4.0,0.024943034531031267,2143,130,316
José Fermín,STL,147.4,-0.4,0.0,3.0,0.2,150.2,27.1,0.0,2.0,2.0,0.025513217712177124,271,28,50
Esteury Ruiz,LAD,82.2,0.8,-0.0,0.0,0.0,83.0,27.7,2.0,0.0,0.0,0.008898238636363636,88,12,13
Andrés Giménez,TOR,96.5,1.4,0.0,12.0,-0.4,109.5,28.0,1.0,11.0,8.0,0.01255220867768595,1452,98,265
Andrés Chaparro,WSH,-0.9,-4.8,0.0,0.0,0.8,-4.9,24.9,0.0,0.0,0.0,-0.012298847517730496,282,27,45
Carlos Narváez,BOS,113.2,-3.4,0.0,0.0,0.7,110.5,25.6,0.0,0.0,0.0,0.018827544808743168,1830,117,296
Jonathan Aranda,TB,142.5,-2.8,-0.0,1.5,0.2,141.4,25.9,0.0,1.0,1.0,0.022823538106235566,1732,106,266
Freddy Fermin,KC,73.3,-0.6,-0.1,0.0,0.0,72.6,27.0,0.0,0.0,0.0,0.006244580161476355,867,61,155
Freddy Fermin,SD,35.3,-0.6,0.1,0.0,0.0,34.8,27.0,0.0,0.0,0.0,-0.003429815686274509,510,41,103
Carlos Cortes,ATH,128.2,-1.4,0.0,1.5,0.2,128.5,26.6,0.0,1.0,1.0,0.019980061333333337,375,39,76
Nolan Jones,CLE,60.5,0.6,-0.0,-7.5,-0.1,53.5,27.6,0.0,-5.0,-5.0,0.003207520870076426,1701,129,245
Josh Lowe,TB,79.7,1.6,0.0,-6.0,-0.3,75.0,28.1,0.0,-4.0,-4.0,0.007446462912831619,1847,108,289
Tyler Fitzgerald,SF,50.1,4.6,-0.0,0.0,-0.3,54.4,29.6,21.0,0.0,0.0,6.635097192224489e-05,926,69,152
Dominic Fletcher,CWS,161.8,-3.6,0.0,1.5,0.0,159.7,25.5,0.0,1.0,1.0,0.02795257692307692,130,11,30
David Hamilton,BOS,85.8,4.0,0.0,1.5,-0.6,90.7,29.3,19.0,1.0,1.0,0.011357745967741936,744,65,132
Gavin Lux,CIN,78.4,1.2,0.0,-12.0,-0.2,67.4,27.9,0.0,-9.0,-8.0,0.009130752923976611,2052,140,332
Mickey Moniak,COL,145.6,2.4,-0.0,-10.5,-0.4,137.1,28.5,1.0,-8.0,-7.0,0.03062921161048689,1602,132,327
Ben Rortvedt,LAD,75.9,-3.0,0.1,0.0,-0.0,73.0,25.8,0.0,0.0,0.0,0.007296454148471618,229,18,43
Ben Rortvedt,TB,-1.6,-3.0,-0.1,0.0,-0.0,-4.7,25.8,0.0,0.0,0.0,-0.012458302083333334,288,23,48
Blake Sabol,BOS,-37.9,0.2,0.0,0.0,0.0,-37.7,27.4,0.0,0.0,0.0,-0.022408788235294116,85,7,10
Jo Adell,LAA,208.9,1.2,0.0,-15.0,-0.2,194.9,27.9,0.0,-12.0,-11.0,0.03959498784331383,2221,149,373
Will Benson,CIN,160.7,4.0,0.0,0.0,-0.4,164.3,29.3,13.0,0.0,0.0,0.03137932937365011,926,85,168
Bo Bichette,TOR,164.8,-2.4,0.0,-15.0,0.4,147.8,26.1,0.0,-13.0,-10.0,0.029946153448275864,2320,139,490
Dylan Carlson,BAL,84.4,0.6,0.0,-3.0,0.0,82.0,27.6,0.0,-2.0,-2.0,0.00837477473065622,1021,74,162
Carter Kieboom,LAA,9.1,0.0,0.0,0.0,0.0,9.1,,0.0,0.0,0.0,-0.009803030303030306,33,3,7
Taylor Trammell,HOU,111.4,1.8,0.0,1.5,-0.5,114.2,28.2,2.0,1.0,1.0,0.016617731884057973,552,47,77
Bo Naylor,CLE,133.9,0.6,0.0,0.0,-0.2,134.3,27.6,0.0,0.0,0.0,0.021734602259215224,1682,119,267
Edouard Julien,MIN,66.0,0.4,-0.0,-9.0,-0.0,57.4,27.5,0.0,-8.0,-6.0,0.004759913242009136,876,62,123
Jerar Encarnacion,SF,96.0,-2.4,0.0,3.0,-0.0,96.6,26.1,0.0,2.0,2.0,0.011181567567567564,185,19,40
Christopher Morel,TB,96.2,1.4,0.0,-6.0,0.1,91.7,28.0,0.0,-5.0,-4.0,0.011484362478777592,1178,100,166
Bobby Dalbec,CWS,61.2,0.2,0.0,0.0,0.0,61.4,27.4,0.0,0.0,0.0,0.0030773793103448274,87,7,12
Adolis García,TEX,91.6,-0.6,-0.0,1.5,0.0,92.5,27.0,1.0,1.0,1.0,0.012240821727019499,2154,135,375
Lourdes Gurriel,AZ,154.5,-0.4,-0.0,-4.5,0.3,149.9,27.1,0.0,-3.0,-3.0,0.02733752952952953,1998,129,429
Corey Julks,CWS,29.8,0.2,-0.0,0.0,0.0,30.0,27.4,0.0,0.0,0.0,-0.0046869999999999985,50,5,10
Dane Myers,MIA,68.0,2.2,-0.0,1.5,-0.2,71.5,28.4,0.0,2.0,1.0,0.004061443282381335,1243,102,230
Brent Rooker,ATH,167.6,0.4,0.0,-4.5,0.1,163.6,27.5,0.0,-3.0,-3.0,0.029809067953667955,2590,162,469
C. J. Stubbs,WSH,-105.6,0.0,0.0,0.0,0.0,-105.6,,0.0,0.0,0.0,-0.038707692307692304,13,1,3
Randy Arozarena,SEA,154.6,0.8,0.0,-6.0,-0.1,149.3,27.7,2.0,-5.0,-4.0,0.023802514751822285,2881,160,422
Jake Rogers,DET,73.4,-1.0,0.0,0.0,0.6,73.0,26.8,0.0,0.0,0.0,0.006455035087719299,570,45,85
Jj Bleday,ATH,75.1,-0.4,0.0,-10.5,-0.1,64.1,27.1,0.0,-8.0,-7.0,0.0067115052395209564,1336,97,216
Spencer Steer,CIN,130.2,1.4,-0.0,3.0,0.1,134.7,28.0,0.0,3.0,2.0,0.02313777892918826,2316,142,381
Ryan Vilade,STL,40.1,0.4,-0.0,0.0,0.0,40.5,27.5,0.0,0.0,0.0,-0.0018375833333333356,60,6,8
Akil Baddoo,DET,-67.3,0.0,0.0,3.0,0.0,-64.3,,0.0,2.0,2.0,-0.02903977777777778,54,7,12
Andrew Knizner,SF,86.0,-2.8,-0.0,0.0,0.6,83.8,25.9,0.0,0.0,0.0,0.008772214953271028,321,30,65
Bryan Reynolds,PIT,94.8,1.6,-0.0,-3.0,-0.2,93.2,28.1,0.0,-2.0,-2.0,0.010667512139605463,2636,154,415
Aaron Schunk,COL,-42.0,-0.2,-0.0,0.0,0.0,-42.2,27.2,0.0,0.0,0.0,-0.024368327272727273,110,11,23
Austin Martin,MIN,56.0,2.0,0.0,1.5,-0.2,59.3,28.3,1.0,1.0,1.0,0.002223096128170896,749,46,127
Mark Vientos,NYM,122.9,-2.6,-0.0,-9.0,0.6,111.9,26.0,0.0,-7.0,-6.0,0.018647324462061157,1766,121,311
Royce Lewis,MIN,102.3,-1.0,0.0,1.5,0.1,102.9,26.8,0.0,1.0,1.0,0.014025863636363635,1518,105,293
Brice Turang,MIL,117.3,3.2,0.0,-1.5,-0.5,118.5,28.9,26.0,-1.0,-1.0,0.018440933381346777,2777,155,435
Adley Rutschman,BAL,102.2,-1.2,0.0,0.0,0.4,101.4,26.7,0.0,0.0,0.0,0.012697723675385648,1491,90,266
Josh Rojas,CWS,8.9,-2.2,-0.0,-7.5,0.0,-0.8,26.2,0.0,-7.0,-5.0,-0.009860763157894737,798,65,141
Ryan Kreidler,DET,-39.7,0.2,0.0,0.0,0.0,-39.5,27.4,0.0,0.0,0.0,-0.02207954748603352,179,15,21
Maverick Handley,BAL,-56.9,-0.4,0.0,0.0,0.1,-57.2,27.1,0.0,0.0,0.0,-0.02585436612021858,183,16,26
Garrett Mitchell,MIL,20.5,3.4,-0.0,6.0,-0.6,29.3,29.0,6.0,5.0,4.0,-0.00672172607260726,303,24,45
Mj Melendez,KC,-42.7,-0.2,0.0,1.5,0.0,-41.4,27.2,0.0,1.0,1.0,-0.02272179607843137,255,19,37
Brandon Marsh,PHI,100.8,2.0,-0.0,0.0,-0.4,102.4,28.3,1.0,0.0,0.0,0.014920020432692308,1664,126,275
Kyle Stowers,MIA,210.1,-0.4,-0.0,-3.0,-0.2,206.5,27.1,0.0,-3.0,-2.0,0.037749015661252903,1724,116,277
Sam Huff,SF,147.5,-7.8,0.0,0.0,0.0,139.7,23.4,0.0,0.0,0.0,0.02365641379310345,232,20,29
Shea Langeliers,ATH,164.5,2.6,0.0,0.0,-0.1,167.0,28.6,0.0,0.0,0.0,0.02904130103626943,1930,123,382
Luis Campusano,SD,-61.6,-4.6,0.0,0.0,0.0,-66.2,25.0,0.0,0.0,0.0,-0.027131850393700786,127,10,10
Ryne Nelson,AZ,361.2,0.0,0.0,0.0,0.0,361.2,,0.0,0.0,0.0,0.0800375,4,1,1
Mason Mccoy,SD,20.6,3.4,-0.0,0.0,0.0,24.0,29.0,0.0,0.0,0.0,-0.00701958762886598,97,11,14
Ryan Bliss,SEA,156.0,2.2,-0.0,0.0,0.0,158.2,28.4,2.0,1.0,0.0,0.02413441721854305,151,11,24
Sean Murphy,ATL,171.0,-5.0,0.0,0.0,0.4,166.4,24.8,0.0,0.0,0.0,0.0319794456681351,1362,93,187
Austin Wells,NYY,109.5,-1.8,-0.0,0.0,0.1,107.8,26.4,0.0,0.0,0.0,0.016707991096271566,1797,119,292
Justyn-Henry Malloy,DET,104.5,-1.2,0.0,0.0,0.4,103.7,26.7,0.0,0.0,0.0,0.014328346642468239,551,51,73
Jeremiah Jackson,BAL,158.3,0.6,0.0,-3.0,0.2,156.1,27.6,0.0,-3.0,-2.0,0.026287821782178217,707,48,119
Tommy Edman,LAD,118.3,2.2,0.0,12.0,-0.2,132.3,28.4,0.0,10.0,8.0,0.018090341723874907,1311,94,276
Nick Solak,PIT,-108.5,-1.4,0.0,-1.5,0.0,-111.4,26.6,0.0,-1.0,-1.0,-0.03807424242424243,33,4,9
Will Smith,LAD,171.9,-0.0,0.0,0.0,0.1,172.0,27.3,0.0,0.0,0.0,0.03176451351351352,1887,108,274
Jack Suwinski,PIT,52.8,1.2,-0.0,-3.0,-0.4,50.6,27.9,0.0,-2.0,-2.0,0.0005943370370370377,810,55,93
Daniel Johnson,BAL,-62.7,3.8,1.9,1.5,-0.6,-56.1,29.2,4.0,1.0,1.0,-0.02723906666666667,90,9,18
Daniel Johnson,SF,80.1,3.8,-1.7,1.5,-0.6,83.1,29.2,4.0,1.0,1.0,0.0073287416666666695,120,13,21
Santiago Espinal,CIN,30.7,-0.4,-0.0,1.5,0.1,31.9,27.1,0.0,2.0,1.0,-0.003761265541059095,1303,103,268
José Miranda,MIN,166.8,-7.0,-0.0,-1.5,0.0,158.3,23.8,0.0,-2.0,-1.0,0.030472015748031486,127,12,23
Bryce Teodosio,LAA,74.9,5.2,0.0,13.5,-0.4,93.2,29.9,23.0,10.0,9.0,0.006464226053639848,522,49,94
Nolan Gorman,STL,99.6,-2.8,-0.0,-9.0,0.4,88.2,25.9,0.0,-8.0,-6.0,0.013332344558027662,1663,108,217
Xavier Edwards,MIA,70.4,2.0,0.0,1.5,-0.2,73.7,28.3,8.0,2.0,1.0,0.0046347207964601775,2260,138,476
Bryce Johnson,SD,110.9,2.4,-0.0,1.5,0.0,114.8,28.5,4.0,1.0,1.0,0.015081435540069686,287,37,59
Keston Hiura,COL,36.7,0.0,-0.0,0.0,0.0,36.7,,0.0,0.0,0.0,-0.0013105066666666619,75,7,11
Samad Taylor,SEA,-145.5,0.0,-0.0,0.0,0.0,-145.5,,0.0,0.0,0.0,-0.04581669565217392,23,3,8
Jake Burger,TEX,115.1,1.2,-0.0,-1.5,0.2,115.0,27.9,0.0,-2.0,-1.0,0.01846412990936556,1324,103,263
Nick Allen,ATL,23.2,0.2,-0.0,15.0,0.0,38.4,27.4,0.0,17.0,13.0,-0.006094446620341124,1583,130,282
Gage Workman,CHC,-28.5,0.6,-0.1,-3.0,0.0,-31.0,27.6,0.0,-2.0,-2.0,-0.019548837209302325,43,6,8
Gage Workman,CWS,-136.9,0.6,0.8,-3.0,0.0,-138.5,27.6,0.0,-2.0,-2.0,-0.04591111111111111,9,2,1
Trevor Rogers,BAL,-166.1,0.0,0.0,0.0,0.0,-166.1,,0.0,0.0,0.0,-0.05230833333333334,6,1,0
Cooper Hummel,BAL,-119.4,2.0,0.0,-1.5,-0.4,-119.3,28.3,0.0,-1.0,-1.0,-0.040987499999999996,4,1,0
Cooper Hummel,HOU,65.2,2.0,0.0,-1.5,-0.4,65.3,28.3,0.0,-1.0,-1.0,0.004720624161073824,447,35,58
Casey Schmitt,SF,96.1,0.6,-0.0,-4.5,0.0,92.2,27.6,0.0,-4.0,-3.0,0.01120682634730539,1336,94,232
Josh Smith,TEX,68.2,0.4,0.0,-6.0,-0.4,62.2,27.5,5.0,-5.0,-4.0,0.006020177777777779,2295,141,395
Jared Triolo,PIT,88.1,3.0,0.0,7.5,-0.1,98.5,28.8,0.0,6.0,5.0,0.00905440438656614,1459,100,253
Will Wilson,CLE,11.2,-3.4,0.0,-4.5,0.0,3.3,25.6,0.0,-3.0,-3.0,-0.009240779891304347,368,33,49
Austin Hays,CIN,102.0,0.6,-0.0,1.5,0.1,104.2,27.6,0.0,1.0,1.0,0.015500528772378518,1564,103,277
Logan Davidson,ATH,34.4,-0.2,-0.1,-3.0,0.0,31.1,27.2,0.0,-3.0,-2.0,-0.0034695544554455412,101,8,9
Logan Davidson,LAA,60.9,-0.2,0.1,-3.0,0.0,57.8,27.2,0.0,-3.0,-2.0,0.0029894368932038866,103,8,13
Alex Call,LAD,57.1,1.0,-0.4,0.0,0.1,57.8,27.8,0.0,0.0,0.0,0.002488099476439791,382,31,56
Alex Call,WSH,82.4,1.0,0.1,0.0,0.1,83.6,27.8,0.0,0.0,0.0,0.008744568060021437,933,66,167
Michael Toglia,COL,83.6,-0.6,0.0,-12.0,0.2,71.2,27.0,0.0,-10.0,-8.0,0.012441540719002202,1363,87,175
Nicky Lopez,CHC,12.4,-0.0,0.7,0.0,-0.1,13.0,27.3,0.0,1.0,0.0,-0.008811022727272728,88,11,15
Nicky Lopez,LAA,-155.9,-0.0,-2.1,0.0,-0.1,-158.1,27.3,0.0,1.0,0.0,-0.05061388888888889,18,2,5
Luke Raley,SEA,68.2,2.8,0.0,-1.5,-0.3,69.2,28.7,1.0,-2.0,-1.0,0.0037541648616125148,831,69,121
Trenton Brooks,SD,-32.3,-1.4,0.0,0.0,0.0,-33.7,26.6,0.0,0.0,0.0,-0.01996585119047619,168,24,28
Zack Short,HOU,69.5,0.2,0.0,-3.0,0.0,66.7,27.4,0.0,-2.0,-2.0,0.0058297698412698405,252,20,33
Miles Mastrobuoni,SEA,60.8,2.4,0.0,1.5,-0.3,64.4,28.5,0.0,2.0,1.0,0.0020361479820627795,669,73,129
Matt Mervis,MIA,123.1,-4.2,0.0,-1.5,0.0,117.4,25.2,0.0,-1.0,-1.0,0.017121096474953617,539,42,69
Kameron Misner,TB,59.5,2.0,-0.0,4.5,-0.4,65.6,28.3,0.0,3.0,3.0,0.0025063816793893146,917,63,130
John Rave,KC,63.4,3.2,0.0,4.5,-0.7,70.4,28.9,17.0,3.0,3.0,0.00377858611481976,749,55,110
Matt Wallner,MIN,138.1,-1.0,0.0,-4.5,-0.1,132.5,26.8,0.0,-4.0,-3.0,0.023144200000000004,1555,103,221
Cal Stevenson,PHI,467.2,0.0,0.0,0.0,0.0,467.2,,0.0,0.0,0.0,0.11303039999999998,25,5,6
Yordan Álvarez,HOU,145.5,-2.2,0.0,-1.5,-0.1,141.7,26.2,0.0,-1.0,-1.0,0.025405773058252427,824,48,137
Isaac Paredes,HOU,134.1,-3.4,-0.0,-4.5,0.5,126.7,25.6,0.0,-4.0,-3.0,0.022474861111111112,1944,102,302
Taylor Walls,TB,83.1,1.8,0.0,1.5,-0.4,86.0,28.2,0.0,1.0,1.0,0.0082894593114241,1278,90,220
Tj Friedl,CIN,90.3,-1.2,-0.0,1.5,-0.2,90.4,26.7,0.0,1.0,1.0,0.012332474499433322,2647,151,469
Iván Herrera,STL,175.9,-2.0,-0.0,0.0,0.2,174.1,26.3,0.0,0.0,0.0,0.03277658576944291,1813,107,306
Buddy Kennedy,LAD,-55.3,2.8,0.6,-1.5,0.0,-53.4,28.7,2.0,-1.0,-1.0,-0.02616461538461539,65,6,11
Buddy Kennedy,PHI,-106.4,2.8,-3.6,-1.5,0.0,-108.7,28.7,2.0,-1.0,-1.0,-0.040536444444444444,27,4,5
Buddy Kennedy,TOR,47.1,2.8,2.8,-1.5,0.0,51.2,28.7,2.0,-1.0,-1.0,-6.411428571428798e-05,35,2,4
Triston Casas,BOS,52.2,-5.8,0.0,-3.0,0.6,44.0,24.4,0.0,-3.0,-2.0,0.00218179683972912,443,29,71
Heliot Ramos,SF,114.9,0.4,0.0,-12.0,-0.0,103.3,27.5,0.0,-9.0,-8.0,0.015763506191369608,2665,157,467
Drew Waters,KC,64.9,0.6,0.0,-1.5,-0.3,63.7,27.6,0.0,-1.0,-1.0,0.004167212578616352,795,67,142
Luis García,WSH,122.3,-1.6,0.0,-7.5,0.0,113.2,26.5,0.0,-7.0,-5.0,0.018804138436482085,1842,138,409
Tim Elko,CWS,74.4,1.0,0.0,-1.5,0.1,74.0,27.8,0.0,-2.0,-1.0,0.006349968309859155,284,22,36
Johnathan Rodríguez,CLE,103.0,-0.6,0.0,-4.5,0.2,98.1,27.0,0.0,-4.0,-3.0,0.013928319488817894,313,27,48
Tyler Freeman,COL,65.1,2.4,-0.0,-15.0,-0.2,52.3,28.5,1.0,-13.0,-11.0,0.00703976684881603,1647,107,330
George Valera,CLE,81.8,-2.6,-0.0,-1.5,0.0,77.7,26.0,0.0,-1.0,-1.0,0.00859550246305419,203,16,28
Lawrence Butler,ATH,101.2,-0.8,0.0,4.5,-0.3,104.6,26.9,1.0,4.0,3.0,0.013222026576755256,2521,149,390
Michael Harris,ATL,120.5,2.4,-0.0,12.0,-0.5,134.4,28.5,10.0,8.0,8.0,0.018975466299862447,2181,159,491
Tristan Peters,TB,-131.4,0.0,0.0,-1.5,0.0,-132.9,,0.0,-1.0,-1.0,-0.04421847826086957,46,4,5
Tyler Black,MIL,166.1,0.0,0.0,0.0,0.0,166.1,,0.0,0.0,0.0,0.031138370370370375,54,5,7
Denzel Clarke,ATH,45.3,4.4,-0.0,15.0,-0.2,64.5,29.5,16.0,13.0,12.0,-0.0007540585443037959,632,46,89
Patrick Bailey,SF,68.2,-3.2,0.0,0.0,0.5,65.5,25.7,0.0,0.0,0.0,0.004447680185399768,1726,129,284
Michael Siani,STL,-1.7,1.4,0.0,1.5,0.0,1.2,28.0,0.0,1.0,1.0,-0.01248985507246377,69,8,10
Jarred Kelenic,ATL,21.9,-2.4,0.0,0.0,0.0,19.5,26.1,0.0,0.0,0.0,-0.006428844961240312,258,23,37
Gabriel Arias,CLE,98.3,-0.6,-0.0,4.5,0.2,102.4,27.0,0.0,3.0,3.0,0.012744788975501114,1796,127,273
Tirso Ornelas,SD,-32.4,-1.0,0.0,0.0,0.0,-33.4,26.8,0.0,0.0,0.0,-0.020001758064516127,62,7,12
Alejandro Kirk,TOR,140.1,-6.0,-0.0,0.0,0.8,134.9,24.3,0.0,0.0,0.0,0.023649678589420655,1985,130,397
Gabriel Moreno,AZ,132.6,-0.6,0.0,0.0,0.1,132.1,27.0,0.0,0.0,0.0,0.02174040483383686,1324,81,225
Gustavo Campero,LAA,110.4,3.6,0.0,-1.5,0.0,112.5,29.1,2.0,-2.0,-1.0,0.015239160583941603,274,26,44
Maikel García,KC,130.0,1.2,-0.0,15.0,-0.2,146.0,27.9,0.0,17.0,13.0,0.020427238794129315,2521,158,517
Otto Lopez,MIA,111.4,2.4,-0.0,10.5,-0.1,124.2,28.5,1.0,9.0,7.0,0.014359729995320545,2137,142,457
Steward Berroa,MIL,28.2,0.0,0.0,0.0,0.0,28.2,,0.0,0.0,0.0,-0.0047328124999999974,32,2,2
Geraldo Perdomo,AZ,142.7,-0.2,-0.0,4.5,0.1,147.1,27.2,1.0,5.0,3.0,0.024321415088069127,3009,161,528
Oswald Peraza,LAA,76.0,3.8,-0.2,1.5,-0.2,80.9,29.2,12.0,2.0,1.0,0.0067443155216285015,393,32,54
Oswald Peraza,NYY,57.5,3.8,0.1,1.5,-0.2,62.7,29.2,12.0,2.0,1.0,0.003037217320261435,612,59,109
Alexander Canario,PIT,84.8,1.6,-0.0,-3.0,-0.1,83.3,28.1,1.0,-2.0,-2.0,0.00826972575250836,897,75,135
Wenceel Pérez,DET,116.9,1.0,-0.0,3.0,-0.0,120.9,27.8,1.0,2.0,2.0,0.017458127118644067,1534,98,262
Lenyn Sosa,CWS,145.0,-1.2,0.0,-3.0,0.3,141.1,26.7,0.0,-3.0,-2.0,0.02379971206225681,2056,140,392
Yainer Diaz,HOU,155.2,-0.0,0.0,0.0,0.0,155.2,27.3,0.0,0.0,0.0,0.02789703831825439,1879,143,442
Luis Robert,CWS,130.2,3.4,-0.0,9.0,-0.3,142.3,29.0,24.0,7.0,6.0,0.020146107932379715,1538,107,269
Ha-Seong Kim,ATL,100.8,0.6,0.3,-3.0,0.0,98.7,27.6,0.0,-3.0,-2.0,0.013894460240963854,415,24,73
Ha-Seong Kim,TB,103.3,0.6,-0.4,-3.0,0.0,100.5,27.6,0.0,-3.0,-2.0,0.013235085333333332,375,24,61
Seiya Suzuki,CHC,137.1,2.2,0.0,0.0,-0.1,139.2,28.4,2.0,0.0,0.0,0.023943844436174175,2687,149,408
Josh Jung,TEX,109.5,-1.4,0.0,6.0,0.3,114.4,26.6,0.0,5.0,4.0,0.016962601760745728,1931,130,350
Jacob Hurtubise,CIN,24.4,0.0,0.0,0.0,0.0,24.4,,0.0,0.0,0.0,-0.005471822580645161,62,9,6
Greg Jones,CWS,-102.8,0.0,0.0,0.0,0.0,-102.8,,0.0,0.0,0.0,-0.03749444444444445,9,2,0
David Bañuelos,BAL,44.6,0.0,0.0,0.0,0.0,44.6,,0.0,0.0,0.0,-0.0012624999999999997,8,1,0
Bob Seymour,TB,32.5,-2.6,-0.0,0.0,0.0,29.9,26.0,0.0,1.0,0.0,-0.004095722033898306,295,24,45
Jordan Westburg,BAL,149.4,3.4,-0.0,3.0,-0.2,155.6,29.0,7.0,3.0,2.0,0.024124611068408918,1301,85,245
Jacob Amaya,CWS,-42.2,0.6,0.0,0.0,0.1,-41.5,27.6,0.0,0.0,0.0,-0.022510661710037176,269,29,54
Ryan Noda,BAL,102.0,-2.8,1.9,0.0,0.0,101.1,25.9,0.0,0.0,0.0,0.01265549152542373,59,7,7
Ryan Noda,CWS,12.2,-2.8,-0.8,0.0,0.0,8.6,25.9,0.0,0.0,0.0,-0.009037405,200,14,16
Jonny Deluca,TB,96.6,4.4,0.0,1.5,-0.3,102.2,29.5,5.0,1.0,1.0,0.011592177777777775,225,18,44
Ernie Clement,TOR,96.3,2.6,-0.0,15.0,-0.2,113.7,28.6,10.0,15.0,11.0,0.012493224533333333,1875,149,494
Hunter Feduccia,LAD,-5.6,-2.2,4.4,0.0,0.1,-3.3,26.2,0.0,0.0,0.0,-0.013478,15,2,1
Hunter Feduccia,TB,58.2,-2.2,-0.1,0.0,0.1,56.0,26.2,0.0,0.0,0.0,0.002176054112554112,462,34,60
Jack Winkler,MIA,32.6,0.8,0.0,-3.0,0.0,30.4,27.7,0.0,-2.0,-2.0,-0.004332666666666666,75,8,12
Alec Burleson,STL,178.6,-3.6,-0.0,-6.0,0.4,169.4,25.5,0.0,-4.0,-4.0,0.033485811369509046,1935,138,420
José Barrero,STL,21.0,-1.0,0.0,-1.5,0.0,18.5,26.8,0.0,-1.0,-1.0,-0.006701812500000001,128,12,20
Brewer Hicklen,DET,204.6,0.0,0.0,0.0,0.0,204.6,,0.0,0.0,0.0,0.03957311111111111,18,1,2
Eric Wagaman,MIA,86.5,-0.8,-0.0,-3.0,0.3,83.0,26.9,0.0,-2.0,-2.0,0.008443345603271984,1956,138,376
José Caballero,NYY,123.1,2.0,0.4,6.0,-0.2,131.3,28.3,3.0,6.0,4.0,0.020279247368421054,380,33,61
José Caballero,TB,80.7,2.0,-0.1,6.0,-0.2,88.4,28.3,3.0,6.0,4.0,0.007693620230700976,1127,76,157
Luis Vázquez,BAL,76.2,1.2,-0.0,0.0,0.0,77.4,27.9,0.0,0.0,0.0,0.00640349473684211,190,19,36
Jake Meyers,HOU,91.9,1.8,0.0,12.0,-0.2,105.5,28.2,0.0,9.0,8.0,0.011601431767337808,1341,98,276
Alan Trejo,COL,-39.0,-2.2,-0.0,0.0,0.7,-40.5,26.2,0.0,0.0,0.0,-0.023484966216216218,148,13,35
Jared Young,NYM,126.9,1.0,-0.0,0.0,0.0,127.9,27.8,0.0,0.0,0.0,0.019660223958333337,192,19,28
Chas Mccormick,HOU,30.5,-1.8,-0.0,3.0,-0.0,31.7,26.4,0.0,2.0,2.0,-0.004217196304849885,433,48,75
Carson Mccusker,MIN,-67.6,2.0,-0.0,-1.5,0.0,-67.1,28.3,0.0,-1.0,-1.0,-0.02929030534351145,131,16,13
Davis Schneider,TOR,102.2,0.6,-0.0,-1.5,0.1,101.4,27.6,0.0,-1.0,-1.0,0.013995891304347828,1012,80,126
Heston Kjerstad,BAL,86.4,0.8,-0.0,-9.0,-0.3,77.9,27.7,0.0,-7.0,-6.0,0.008873564308681676,622,52,111
Chad Stevens,LAA,-30.6,2.4,0.0,-3.0,0.0,-31.2,28.5,1.0,-2.0,-2.0,-0.019621800000000002,55,5,7
Kyren Paris,LAA,135.4,3.4,-0.0,1.5,-0.5,139.8,29.0,2.0,1.0,1.0,0.021415366788321167,548,43,65
Brayan Rocchio,CLE,96.7,-0.6,-0.0,-4.5,0.2,91.8,27.0,0.0,-4.0,-3.0,0.012335911410347272,1411,111,275
José Tena,WSH,76.6,0.8,0.0,-6.0,-0.4,71.0,27.7,0.0,-5.0,-4.0,0.0072731386430678465,678,48,116
Everson Pereira,TB,10.1,2.0,0.0,-1.5,-0.2,10.4,28.3,0.0,-1.0,-1.0,-0.009594286644951142,307,22,37
Julio Rodríguez,SEA,190.0,3.8,-0.0,15.0,-0.3,208.5,29.2,56.0,11.0,10.0,0.03203017334391115,2521,160,494
Ronny Mauricio,NYM,86.5,-3.0,-0.0,4.5,0.3,88.3,25.8,0.0,3.0,3.0,0.009552124820659971,697,58,113
Ezequiel Duran,TEX,17.1,3.0,-0.0,3.0,-0.2,22.9,28.8,1.0,2.0,2.0,-0.007522418316831684,808,76,152
Wilyer Abreu,BOS,173.1,0.6,0.0,10.5,-0.2,184.0,27.6,1.0,8.0,7.0,0.03515314144533663,1619,112,276
Leo Jimenez,TOR,33.6,-0.8,0.0,1.5,0.0,34.3,26.9,0.0,1.0,1.0,-0.003486493055555555,144,13,21
Jordyn Adams,BAL,-220.3,0.0,-0.0,0.0,0.0,-220.3,,0.0,0.0,0.0,-0.06542,14,4,3
Blaze Alexander,AZ,123.0,3.0,0.0,1.5,-0.2,127.3,28.8,4.0,1.0,1.0,0.01930700766283525,1044,68,146
Will Banfield,CIN,-70.0,0.0,0.0,0.0,0.0,-70.0,,0.0,0.0,0.0,-0.03098079545454546,44,5,4
Alek Thomas,AZ,62.0,2.0,0.0,0.0,-0.3,63.7,28.3,0.0,0.0,0.0,0.003741744934445769,1678,134,319
Bobby Witt,KC,170.9,5.8,0.0,15.0,-0.5,191.2,30.2,101.0,24.0,18.0,0.030653374114870183,2542,157,500
Rece Hinds,CIN,75.5,5.0,0.0,-1.5,-0.3,78.7,29.8,4.0,-2.0,-1.0,0.008341198830409353,171,14,22
Parker Meadows,DET,63.8,3.4,0.0,6.0,-0.4,72.8,29.0,6.0,4.0,4.0,0.004033169965075668,859,56,136
Anthony Seigler,MIL,13.2,-1.2,-0.0,0.0,0.0,12.0,26.7,0.0,-1.0,0.0,-0.00862851086956522,276,33,48
Ji Hwan Bae,PIT,-44.8,2.6,0.0,0.0,0.0,-42.2,28.6,2.0,0.0,0.0,-0.022792186274509803,102,8,11
Miguel Vargas,CWS,132.2,0.4,-0.0,-6.0,0.2,126.8,27.5,0.0,-6.0,-4.0,0.02063931642304385,2326,138,406
Jorbit Vivas,NYY,38.4,-2.0,0.0,-1.5,-0.1,34.8,26.3,0.0,-1.0,-1.0,-0.0019690731707317083,246,27,43
Jorge Barrosa,AZ,-34.8,3.2,0.0,6.0,-0.2,-25.8,28.9,2.0,4.0,4.0,-0.020922756097560977,328,28,52
Curtis Mead,CWS,63.8,-0.8,-0.4,0.0,0.2,62.8,26.9,0.0,0.0,0.0,0.0037061460905349797,486,40,95
Curtis Mead,TB,75.5,-0.8,0.5,0.0,0.2,75.4,26.9,0.0,0.0,0.0,0.006409444652908068,533,48,82
Ezequiel Tovar,COL,86.0,0.6,-0.0,3.0,0.0,89.6,27.6,0.0,3.0,2.0,0.013155575798776346,1471,95,268
Jhonkensy Noel,CLE,43.4,-0.4,-0.0,-3.0,0.2,40.2,27.1,0.0,-2.0,-2.0,-0.0011153510638297862,564,61,96
Ceddanne Rafaela,BOS,126.8,3.6,-0.0,15.0,-0.4,145.0,29.1,18.0,21.0,19.0,0.02252299107142857,2128,151,432
Liover Peguero,PIT,71.9,3.8,0.0,0.0,-0.2,75.5,29.2,1.0,-1.0,0.0,0.005170554285714284,350,30,54
Johan Rojas,PHI,12.5,5.6,0.0,7.5,-0.3,25.3,30.1,30.0,5.0,5.0,-0.008723100638977636,626,61,118
Spencer Torkelson,DET,154.4,-1.2,0.0,-1.5,0.2,151.9,26.7,0.0,-2.0,-1.0,0.026903645088445616,2657,155,397
Terrin Vavra,BAL,-121.8,0.0,0.0,0.0,0.0,-121.8,,0.0,0.0,0.0,-0.041574999999999994,4,1,1
Justin Foscue,TEX,-35.0,0.0,-0.0,0.0,0.0,-35.0,,0.0,0.0,0.0,-0.021355238095238097,42,4,6
Nick Loftin,KC,94.2,2.2,-0.0,1.5,-0.2,97.7,28.4,0.0,2.0,1.0,0.011467260355029587,676,65,144
Dairon Blanco,KC,163.0,0.0,0.0,0.0,0.0,163.0,,0.0,0.0,0.0,0.028678875000000006,32,5,5
Max Schuemann,ATH,38.9,2.0,0.0,9.0,0.0,49.9,28.3,0.0,8.0,6.0,-0.0023447541766109794,838,75,150
Matt Mclain,CIN,64.2,3.8,-0.0,4.5,-0.3,72.2,29.2,20.0,4.0,3.0,0.00527855682298268,2367,144,347
Dashawn Keirsey,MIN,45.1,2.4,-0.0,1.5,-0.7,48.3,28.5,6.0,2.0,1.0,-0.0005697413793103445,348,36,51
Richie Palacios,TB,79.6,-1.2,0.0,-6.0,0.0,72.4,26.7,0.0,-4.0,-4.0,0.007434294736842105,190,16,34
Jonathan Ornelas,ATL,64.6,-1.6,1.2,-1.5,0.0,62.7,26.5,0.0,-1.0,-1.0,0.004569899999999997,20,1,4
Jonathan Ornelas,TEX,-47.2,-1.6,-2.4,-1.5,0.0,-52.7,26.5,0.0,-1.0,-1.0,-0.024566666666666667,21,4,2
Addison Barger,TOR,123.5,0.8,-0.0,-3.0,-0.3,121.0,27.7,0.0,-3.0,-2.0,0.019415731062531777,1967,134,340
Adrian Del Castillo,AZ,116.0,-2.8,-0.0,0.0,0.1,113.3,25.9,0.0,0.0,0.0,0.017523992523364486,535,43,75
Michael Helman,TEX,175.4,4.2,-0.0,3.0,-0.5,182.1,29.4,10.0,2.0,2.0,0.03445608148148148,405,36,80
Steven Kwan,CLE,89.0,-0.0,0.0,7.5,-0.4,96.1,27.3,2.0,5.0,5.0,0.01041524302075877,2794,156,573
Cj Alexander,ATH,-6.3,0.0,-0.0,0.0,0.0,-6.3,,0.0,1.0,0.0,-0.01364455223880597,67,6,9
Jarren Duran,BOS,115.4,3.6,0.0,-4.5,-0.5,114.0,29.1,13.0,-4.0,-3.0,0.019431463321930825,2631,157,448
Ryan Jeffers,MIN,92.3,-2.8,-0.0,0.0,0.3,89.8,25.9,0.0,0.0,0.0,0.011478408801696711,1886,115,315
Henry Davis,PIT,40.4,2.0,0.0,0.0,0.0,42.4,28.3,0.0,0.0,0.0,-0.0023777140186915886,1070,81,180
Ryan Fitzgerald,MIN,110.6,2.2,-0.0,0.0,0.0,112.8,28.4,0.0,0.0,0.0,0.016135376288659794,194,18,38
Willie Maciver,ATH,65.1,0.4,0.0,0.0,0.3,65.8,27.5,0.0,0.0,0.0,0.004202795454545456,396,30,75
Zack Gelof,ATH,37.4,1.4,-0.0,3.0,-0.2,41.6,28.0,1.0,2.0,2.0,-0.0027085961538461534,416,27,45
Owen Miller,COL,9.5,5.2,-0.0,1.5,0.0,16.2,29.9,2.0,1.0,1.0,-0.00927169117647059,68,8,10
Brendan Donovan,STL,110.6,-1.4,0.0,-1.5,0.0,107.7,26.6,0.0,-1.0,-1.0,0.016128954474909467,1933,118,398
Bryson Stott,PHI,91.9,3.0,0.0,9.0,-0.4,103.5,28.8,17.0,8.0,6.0,0.012553899595141702,2470,145,412
Jonah Bride,MIA,1.9,-1.0,-0.7,3.0,0.4,3.6,26.8,0.0,3.0,2.0,-0.011606953488372092,215,12,24
Jonah Bride,MIN,11.7,-1.0,0.4,3.0,0.4,14.5,26.8,0.0,3.0,2.0,-0.009084882183908047,348,30,47
Colton Cowser,BAL,137.4,0.2,-0.0,0.0,-0.4,137.2,27.4,0.0,0.0,0.0,0.021220988590604027,1490,91,199
Logan O'Hoppe,LAA,80.8,-0.0,-0.0,0.0,0.2,81.0,27.3,0.0,0.0,0.0,0.007919928327645051,1758,119,284
Connor Norby,MIA,109.7,3.0,0.0,-4.5,-0.1,108.1,28.8,3.0,-4.0,-3.0,0.013956387951807231,1245,87,219
Brooks Baldwin,CWS,96.1,2.6,-0.0,-13.5,-0.1,85.1,28.6,5.0,-11.0,-9.0,0.011707941693290733,1252,102,218
Kerry Carpenter,DET,204.6,-0.4,0.0,-3.0,-0.1,201.1,27.1,0.0,-3.0,-2.0,0.03957882037996546,1737,130,327
Mickey Gasper,MIN,51.4,-1.0,-0.0,0.0,-0.1,50.3,26.8,0.0,-1.0,0.0,0.0010412416851441253,451,39,74
James Outman,LAD,-5.3,2.4,-0.2,0.0,-0.6,-3.7,28.5,0.0,0.0,0.0,-0.013420210526315788,171,14,21
James Outman,MIN,24.2,2.4,0.1,0.0,-0.6,26.1,28.5,0.0,0.0,0.0,-0.005898246543778801,434,33,48
David Villar,SF,8.6,-2.2,0.0,-1.5,0.0,4.9,26.2,0.0,-1.0,-1.0,-0.009985726315789475,95,9,15
Andy Pages,LAD,133.5,1.6,-0.0,15.0,0.0,150.1,28.1,0.0,11.0,10.0,0.02197654627636677,2323,153,446
Heriberto Hernandez,MIA,180.5,2.8,0.0,6.0,-0.0,189.3,28.7,1.0,5.0,4.0,0.030730534270650263,1138,86,181
David Fry,CLE,140.8,-1.4,-0.0,0.0,0.4,139.8,26.6,0.0,0.0,0.0,0.02347394568690096,626,66,88
Justin Dean,LAD,-86.9,0.0,0.0,1.5,0.0,-85.4,,0.0,1.0,1.0,-0.03421818181818182,11,2,1
Vinny Capra,CWS,-35.9,2.0,0.1,0.0,-0.1,-33.9,28.3,0.0,0.0,0.0,-0.020944013513513514,148,18,35
Vinny Capra,MIL,-57.0,2.0,-0.1,0.0,-0.1,-55.2,28.3,0.0,0.0,0.0,-0.026897689814814815,216,23,39
Nate Eaton,BOS,56.9,4.8,0.0,-3.0,-0.5,58.2,29.7,20.0,-2.0,-2.0,0.003455511834319528,338,32,63
Daniel Schneemann,CLE,81.1,1.2,0.0,9.0,-0.4,90.9,27.9,0.0,8.0,6.0,0.008409198203592816,1670,126,261
Drew Avans,ATH,-82.5,3.6,-0.5,-1.5,0.0,-80.9,29.1,3.0,-1.0,-1.0,-0.03266619047619048,63,6,10
Drew Avans,MIL,-71.6,3.6,5.3,-1.5,0.0,-64.2,29.1,3.0,-1.0,-1.0,-0.030689499999999998,16,1,2
Logan Porter,SF,39.4,0.0,0.0,0.0,0.0,39.4,,0.0,0.0,0.0,-0.0025091470588235257,34,4,5
Noelvi Marte,CIN,149.1,3.4,0.0,-6.0,0.0,146.5,29.0,8.0,-4.0,-4.0,0.02823100157853197,1267,88,251
Francisco Álvarez,NYM,148.7,-2.6,-0.0,0.0,0.3,146.4,26.0,0.0,0.0,0.0,0.02510074822064057,1124,74,171
Kevin Alcántara,CHC,57.0,-3.6,-0.0,0.0,0.0,53.4,25.5,0.0,0.0,0.0,0.0029181304347826093,46,6,7
Luis Matos,SF,180.3,0.2,0.0,-7.5,0.1,173.1,27.4,0.0,-6.0,-5.0,0.03161706104651163,688,55,145
Warming Bernabel,COL,92.8,2.2,-0.0,-1.5,-0.0,93.5,28.4,0.0,-2.0,-1.0,0.015152578544061305,522,39,112
Angel Martínez,CLE,82.7,0.8,0.0,-6.0,0.1,77.6,27.7,0.0,-4.0,-4.0,0.008810960555555556,1800,135,343
Agustín Ramírez,MIA,105.5,-1.2,0.0,0.0,0.1,104.4,26.7,0.0,0.0,0.0,0.012964980300187617,2132,136,425
Luisangel Acuña,NYM,24.6,4.6,0.0,0.0,-0.5,28.7,29.6,24.0,0.0,0.0,-0.0059265552325581386,688,67,141
Jonatan Clase,TOR,68.1,4.2,-0.0,-3.0,-0.6,68.7,29.4,6.0,-2.0,-2.0,0.005313872437357629,439,33,73
Elly De La Cruz,CIN,118.0,3.6,-0.0,-3.0,-0.5,118.1,29.1,42.0,-3.0,-2.0,0.019829817512877115,2718,162,447
Endy Rodríguez,PIT,20.4,-0.4,0.0,-1.5,0.0,18.5,27.1,0.0,-1.0,-1.0,-0.007170661835748794,207,16,38
Bryan Ramos,CWS,11.6,1.0,-0.0,0.0,0.0,12.6,27.8,0.0,0.0,0.0,-0.009190769230769228,39,3,8
Ronny Simon,MIA,44.0,3.0,-0.1,-7.5,-0.4,39.0,28.8,1.0,-6.0,-5.0,-0.001628968036529679,219,19,41
Ronny Simon,PIT,104.3,3.0,0.2,-7.5,-0.4,99.6,28.8,1.0,-6.0,-5.0,0.012940365079365076,126,7,23
Cj Abrams,WSH,111.3,1.8,0.0,-12.0,-0.4,100.7,28.2,1.0,-11.0,-8.0,0.016022493115318417,2324,144,456
Riley Greene,DET,156.6,-1.2,-0.0,1.5,-0.1,156.8,26.7,0.0,1.0,1.0,0.027475688929889303,2710,157,402
Tyler Locklear,AZ,39.6,-0.6,-0.0,-3.0,0.2,36.2,27.0,0.0,-3.0,-2.0,-0.0019759517819706468,477,31,60
Tyler Callihan,CIN,-37.0,0.0,-0.0,0.0,0.0,-37.0,,0.0,0.0,0.0,-0.022057272727272727,22,4,5
Corbin Carroll,AZ,154.8,5.0,-0.0,13.5,-0.8,172.5,29.8,63.0,10.0,9.0,0.02741392521877486,2514,141,413
Gunnar Henderson,BAL,132.1,2.4,-0.0,-3.0,-0.4,131.1,28.5,13.0,-3.0,-2.0,0.01994875435126582,2528,154,441
Jack Leiter,TEX,-165.5,0.0,0.0,0.0,0.0,-165.5,,0.0,0.0,0.0,-0.05595,3,1,0
Anthony Volpe,NYY,91.6,2.0,-0.0,-7.5,-0.2,85.9,28.3,1.0,-6.0,-5.0,0.011993331526271894,2398,149,397
Michael Stefanic,TOR,-0.6,-4.4,0.0,1.5,0.0,-3.5,25.1,0.0,1.0,1.0,-0.012212877551020409,98,8,19
Nasim Nuñez,WSH,109.1,5.0,-0.0,4.5,-0.9,117.7,29.8,10.0,4.0,3.0,0.015480466507177033,418,32,64
Matthew Lugo,LAA,138.2,4.2,0.0,-7.5,-0.3,134.6,29.4,4.0,-5.0,-5.0,0.022123289256198345,242,25,45
Brett Baty,NYM,114.8,-0.6,-0.0,1.5,-0.1,115.6,27.0,0.0,1.0,1.0,0.01661685031303358,1757,126,284
Cody Freeman,TEX,77.6,0.4,-0.0,-1.5,-0.1,76.4,27.5,0.0,-1.0,-1.0,0.008506658102766795,506,35,96
Owen Caissie,CHC,69.4,1.2,0.0,1.5,0.0,72.1,27.9,0.0,1.0,1.0,0.006167640776699031,103,12,15
Andrew Vaughn,CWS,59.7,-2.6,-0.1,3.0,0.4,60.4,26.0,0.0,2.0,2.0,0.002709645586297763,759,48,143
Andrew Vaughn,MIL,133.6,-2.6,0.1,3.0,0.4,134.5,26.0,0.0,2.0,2.0,0.02269576427829699,963,64,190
Michael Busch,CHC,155.9,-1.6,-0.0,-1.5,-0.0,152.8,26.5,0.0,-1.0,-1.0,0.028872621680452768,2297,152,381
Victor Mesa,MIA,5.1,-0.8,-0.0,1.5,0.0,5.8,26.9,0.0,1.0,1.0,-0.010857560283687942,141,13,28
Christian Koss,SF,120.9,3.6,-0.0,-1.5,-0.2,122.8,29.1,4.0,-1.0,-1.0,0.017235555900621122,644,60,130
Will Robertson,CWS,-4.5,1.2,-0.2,0.0,0.0,-3.5,27.9,0.0,0.0,0.0,-0.013170090090090089,222,22,40
Will Robertson,TOR,-34.1,1.2,2.7,0.0,0.0,-30.2,27.9,0.0,0.0,0.0,-0.020763636363636363,44,3,3
Matt Gorski,PIT,170.7,2.8,0.0,-1.5,0.0,172.0,28.7,0.0,-2.0,-1.0,0.028854011049723752,181,14,25
Kenedy Corona,HOU,90.8,0.0,0.0,0.0,0.0,90.8,,0.0,0.0,0.0,0.011330952380952383,21,2,1
Sal Frelick,MIL,111.0,3.2,0.0,9.0,-0.6,122.6,28.9,38.0,7.0,6.0,0.016806573777585463,2311,141,456
Drew Millas,WSH,134.5,0.2,-0.0,0.0,-0.1,134.6,27.4,0.0,0.0,0.0,0.021892588516746414,209,16,43
Vinnie Pasquantino,KC,185.6,-3.6,0.0,-7.5,0.4,174.9,25.5,0.0,-7.0,-5.0,0.03432606414219475,2588,160,515
Tyler Tolbert,KC,49.5,3.2,0.0,0.0,-0.4,52.3,28.9,1.0,-1.0,0.0,0.0003188359788359786,189,36,41
Dominic Canzone,SEA,177.4,-1.6,-0.0,-3.0,0.0,172.8,26.5,0.0,-2.0,-2.0,0.029098035992217903,1028,82,186
Oliver Dunn,MIL,-6.9,1.0,0.0,-1.5,0.0,-7.4,27.8,0.0,-1.0,-1.0,-0.013851701298701299,154,13,28
Isaac Collins,MIL,122.4,0.8,-0.0,4.5,-0.2,127.5,27.7,1.0,4.0,3.0,0.01976577313266444,1794,126,282
Dylan Crews,WSH,96.0,3.4,-0.0,3.0,-0.4,102.0,29.0,5.0,3.0,2.0,0.012173353043478262,1150,83,215
Brenton Doyle,COL,76.6,4.4,0.0,7.5,-0.3,88.2,29.5,42.0,6.0,5.0,0.010393118938233793,1959,138,365
Korey Lee,CWS,116.6,0.6,0.0,0.0,0.0,117.2,27.6,0.0,0.0,0.0,0.01678565359477124,153,16,27
Michael Massey,KC,35.3,-2.6,0.0,1.5,-0.1,34.1,26.0,0.0,1.0,1.0,-0.0032368598223099705,1013,75,223
Nick Sogard,BOS,70.4,1.4,0.0,0.0,0.0,71.8,28.0,0.0,0.0,0.0,0.007142802992518705,401,30,71
Pedro Pagés,STL,111.2,-3.4,-0.0,0.0,0.8,108.6,25.6,0.0,0.0,0.0,0.016289426845637583,1490,107,259
Brooks Lee,MIN,100.5,-2.4,0.0,-4.5,0.4,94.0,26.1,0.0,-4.0,-3.0,0.013573717910447763,2010,137,395
Will Brennan,CLE,-34.5,-0.6,0.0,0.0,0.0,-35.1,27.0,0.0,0.0,0.0,-0.020760543478260868,46,6,10
Joey Wiemer,MIA,65.6,2.2,-0.0,3.0,-0.2,70.6,28.4,0.0,3.0,2.0,0.003500641255605383,223,19,34
Drake Baldwin,ATL,158.1,-2.4,0.0,0.0,0.1,155.8,26.1,0.0,0.0,0.0,0.02866320914285714,1750,123,334
Dalton Rushing,LAD,111.9,0.8,-0.0,0.0,-0.4,112.3,27.7,0.0,0.0,0.0,0.016479756666666664,600,51,85
Darell Hernaiz,ATH,68.8,1.8,-0.0,1.5,-0.1,72.0,28.2,4.0,1.0,1.0,0.0051274578651685394,712,50,152
Zach Neto,LAA,128.2,1.6,-0.0,-9.0,0.1,120.9,28.1,0.0,-8.0,-6.0,0.01964583614019117,2197,128,356
Victor Scott,STL,52.3,5.8,0.0,15.0,-0.8,72.3,30.2,87.0,17.0,15.0,0.0012643634762184385,1703,132,300
Joey Ortiz,MIL,81.2,2.8,-0.0,15.0,-0.2,98.8,28.7,10.0,13.0,10.0,0.009048431236673773,1876,146,400
Spencer Horwitz,PIT,125.4,-3.6,-0.0,1.5,0.3,123.6,25.5,0.0,1.0,1.0,0.017986894643908184,1699,108,291
Cam Devanney,PIT,-74.8,0.0,-0.0,0.0,0.0,-74.8,,0.0,-1.0,0.0,-0.02998181481481482,162,13,15
Colby Thomas,ATH,146.9,2.6,-0.0,-1.5,-0.3,147.7,28.6,3.0,-1.0,-1.0,0.024652492723492726,481,47,73
Grant Mccray,SF,-54.5,4.2,-0.0,0.0,0.0,-50.3,29.4,2.0,0.0,0.0,-0.025259175257731963,97,10,13
Drew Gilbert,SF,37.3,0.8,0.0,3.0,-0.4,40.7,27.7,0.0,2.0,2.0,-0.0030358365384615376,416,34,80
Jordan Beck,COL,88.9,2.8,0.0,-3.0,-0.1,88.6,28.7,1.0,-2.0,-2.0,0.013999235344458709,2337,146,361
Dylan Beavers,BAL,149.0,3.2,-0.0,0.0,-0.5,151.7,28.9,4.0,0.0,0.0,0.024037400000000004,615,35,74
Troy Johnston,MIA,189.3,-1.6,0.0,0.0,-0.0,187.7,26.5,0.0,0.0,0.0,0.03281905555555556,450,44,85
Christian Encarnacion-Strand,CIN,154.9,0.4,0.0,-3.0,0.2,152.5,27.5,0.0,-2.0,-2.0,0.029795863539445633,469,36,100
Dustin Harris,TEX,59.9,3.6,-0.0,0.0,0.0,63.5,29.1,1.0,0.0,0.0,0.003831066298342539,181,17,27
Graham Pauley,MIA,93.2,-1.4,0.0,9.0,0.2,101.0,26.6,0.0,7.0,6.0,0.01002715712187959,681,57,127
Blaine Crim,COL,135.3,-2.2,0.6,-1.5,0.0,132.2,26.2,0.0,-1.0,-1.0,0.02761307053941909,241,15,34
Blaine Crim,TEX,-58.1,-2.2,-4.1,-1.5,0.0,-65.9,26.2,0.0,-1.0,-1.0,-0.0274715,50,5,5
Rhylan Thomas,SEA,27.6,-3.0,-0.0,0.0,0.0,24.6,25.8,0.0,0.0,0.0,-0.005655147058823529,34,3,8
Brett Wisely,ATL,13.5,0.4,-0.7,0.0,0.0,13.2,27.5,0.0,0.0,0.0,-0.008583333333333333,45,4,2
Brett Wisely,SF,67.3,0.4,0.0,0.0,0.0,67.7,27.5,0.0,0.0,0.0,0.0042360462962962985,216,17,40
Jacob Melton,HOU,11.0,3.4,-0.0,1.5,-0.6,15.3,29.0,5.0,1.0,1.0,-0.009225191616766467,334,25,41
Liam Hicks,MIA,114.6,-2.2,-0.0,0.0,0.0,112.4,26.2,0.0,1.0,0.0,0.01512284970722186,1537,119,280
Ryan Ritter,COL,52.9,3.8,-0.0,1.5,-0.3,57.9,29.2,4.0,2.0,1.0,0.0034533065976714112,773,59,129
Jace Jung,DET,4.3,-3.6,-0.0,1.5,0.1,2.3,25.5,0.0,1.0,1.0,-0.010966004504504504,222,19,31
Braxton Fulford,COL,42.9,3.6,-0.0,0.0,-0.1,46.4,29.1,2.0,0.0,0.0,0.0005307960526315796,456,37,75
Alex Freeland,LAD,49.7,-2.2,-0.0,3.0,0.0,50.5,26.2,0.0,3.0,2.0,0.0006191608391608381,429,29,50
Petey Halpin,CLE,110.4,2.6,-0.0,0.0,0.0,113.0,28.6,0.0,0.0,0.0,0.015794484848484846,33,5,4
Robert Hassell,WSH,46.1,1.8,0.0,-1.5,-0.5,45.9,28.2,1.0,-1.0,-1.0,-0.00042390445026178083,764,64,133
Colt Keith,DET,109.0,1.4,-0.0,-3.0,-0.2,107.2,28.0,2.0,-3.0,-2.0,0.015462138797814209,1830,137,313
Drew Romo,COL,-103.1,0.0,0.0,0.0,0.0,-103.1,,0.0,0.0,0.0,-0.04229166666666667,12,3,0
Tyler Soderstrom,ATH,153.1,0.2,0.0,1.5,-0.2,154.6,27.4,0.0,0.0,1.0,0.02619004378909741,2238,157,421
Kyle Teel,CWS,109.4,0.4,-0.0,0.0,-0.2,109.6,27.5,0.0,0.0,0.0,0.014996499591836736,1225,77,176
Jordan Walker,STL,60.4,2.8,-0.0,-6.0,-0.2,57.0,28.7,2.0,-4.0,-4.0,0.0033478065976714102,1546,104,233
Masyn Winn,STL,88.6,2.2,0.0,15.0,-0.2,105.6,28.4,7.0,21.0,16.0,0.010535554275587064,2257,127,392
Jasson Domínguez,NYY,97.9,2.8,0.0,-12.0,-0.4,88.3,28.7,21.0,-9.0,-8.0,0.013653897466116676,1697,116,268
Adael Amador,COL,34.4,-1.6,-0.0,-3.0,0.1,29.9,26.5,0.0,-3.0,-2.0,-0.001982866962305988,451,38,88
Maximo Acosta,MIA,74.0,3.0,-0.0,-4.5,0.1,72.6,28.8,0.0,-4.0,-3.0,0.005491317269076307,249,18,36
Jhostynxon Garcia,BOS,52.1,0.0,0.0,0.0,0.0,52.1,,0.0,0.0,0.0,0.0021562500000000006,40,3,2
Junior Caminero,TB,166.5,-1.2,-0.0,-4.5,0.2,161.0,26.7,0.0,-3.0,-3.0,0.028696121697357888,2498,154,476
Javier Sanoja,MIA,151.8,1.4,0.0,0.0,0.0,153.2,28.0,7.0,0.0,0.0,0.02392453562653563,1221,110,274
Pete Crow-Armstrong,CHC,165.8,4.4,-0.0,15.0,-0.7,184.5,29.5,54.0,24.0,22.0,0.03148650459116747,2287,154,445
Kyle Karros,COL,37.7,0.4,-0.0,4.5,0.1,42.7,27.5,0.0,4.0,3.0,-0.0010174882260596554,637,42,97
Coby Mayo,BAL,97.1,1.2,-0.0,-1.5,-0.0,96.8,27.9,0.0,-2.0,-1.0,0.011452260370697265,1133,84,179
Zac Veen,COL,-9.6,1.8,0.0,0.0,0.0,-7.8,28.2,0.0,0.0,0.0,-0.014883695035460992,141,10,20
Max Muncy,ATH,63.2,1.8,-0.0,-7.5,0.0,57.5,28.2,0.0,-7.0,-5.0,0.003726618932038836,824,60,138
Brady House,WSH,33.3,1.0,-0.0,3.0,-0.2,37.1,27.8,0.0,2.0,2.0,-0.00364543137254902,969,73,186
Jordan Lawlar,AZ,41.9,4.8,0.0,-6.0,-0.2,40.5,29.7,10.0,-5.0,-4.0,-0.0013796666666666662,285,25,41
Marcelo Mayer,BOS,51.6,0.4,0.0,3.0,-0.2,54.8,27.5,1.0,3.0,2.0,0.002016474509803922,510,42,86
Tsung-Che Cheng,PIT,-79.6,0.0,0.0,0.0,0.0,-79.6,,0.0,0.0,0.0,-0.031146000000000004,24,3,3
C. J. Kayfus,CLE,112.9,0.6,-0.0,-4.5,-0.2,108.8,27.6,0.0,-3.0,-3.0,0.016437732251521297,493,42,87
Kristian Campbell,BOS,82.8,-0.2,0.0,-10.5,0.0,72.1,27.2,0.0,-9.0,-7.0,0.010532392523364483,1070,67,157
Yanquiel Fernández,COL,51.4,-3.6,0.0,-1.5,0.4,46.7,25.5,0.0,-2.0,-1.0,0.0030057401315789485,608,52,95
Nick Gonzales,PIT,67.2,3.2,-0.0,4.5,-0.2,74.7,28.9,6.0,4.0,3.0,0.004054434751773049,1410,96,309
Dillon Dingler,DET,118.9,0.6,0.0,0.0,0.1,119.6,27.6,0.0,0.0,0.0,0.017946054969461413,1801,125,323
César Prieto,STL,-118.4,0.0,0.0,0.0,0.0,-118.4,,0.0,0.0,0.0,-0.042255919999999995,25,3,1
Jackson Chourio,MIL,141.2,3.8,0.0,4.5,-0.3,149.2,29.2,63.0,3.0,3.0,0.024649358561967833,2114,131,428
Denzer Guzman,LAA,87.3,0.2,0.0,-6.0,0.0,81.5,27.4,0.0,-5.0,-4.0,0.009525505681818182,176,13,20
Moisés Ballesteros,CHC,163.5,-2.6,-0.0,0.0,0.2,161.1,26.0,0.0,0.0,0.0,0.03087894,250,20,44
Samuel Basallo,BAL,153.2,-3.2,-0.0,0.0,0.5,150.5,25.7,0.0,0.0,0.0,0.02504205643340858,443,31,79
Niko Kavadas,LAA,-28.6,0.0,-0.0,-1.5,0.0,-30.1,,0.0,-2.0,-1.0,-0.019133388888888887,108,9,10
Blake Dunn,CIN,70.4,4.8,0.0,3.0,-0.4,77.8,29.7,9.0,2.0,2.0,0.006956792452830187,318,26,35
Tim Tawa,AZ,49.0,1.8,-0.0,1.5,-0.2,52.1,28.2,0.0,1.0,1.0,0.00043026712328767084,876,69,138
Shay Whitcomb,HOU,16.7,1.4,-0.0,0.0,0.0,18.1,28.0,0.0,0.0,0.0,-0.007772159420289856,138,15,21
Nick Yorke,PIT,85.1,1.6,0.0,0.0,0.0,86.7,28.1,0.0,0.0,0.0,0.008343454225352117,284,22,53
Nolan Schanuel,LAA,119.6,-2.6,-0.0,-3.0,0.3,114.3,26.0,0.0,-2.0,-2.0,0.017521351476014763,2168,131,422
Joey Loperfido,TOR,188.1,2.4,-0.0,0.0,-0.3,190.2,28.5,1.0,0.0,0.0,0.035901138297872344,376,38,69
Evan Carter,TEX,83.5,3.4,0.0,4.5,-0.5,90.9,29.0,22.0,4.0,3.0,0.010089910411622275,826,61,152
Wyatt Langford,TEX,140.5,3.2,-0.0,13.5,-0.3,156.9,28.9,17.0,10.0,9.0,0.025192751383567476,2349,133,340
Brice Matthews,HOU,250.9,3.0,0.0,0.0,0.0,253.9,28.8,2.0,0.0,0.0,0.05255517318435755,179,13,23
Will Wagner,SD,-29.3,-0.8,-1.5,-4.5,0.0,-36.1,26.9,0.0,-3.0,-3.0,-0.01923487671232877,73,15,13
Will Wagner,TOR,55.1,-0.8,0.2,-4.5,0.0,50.0,26.9,0.0,-3.0,-3.0,0.001978740608228981,559,40,86
Billy Cook,PIT,72.4,0.0,-0.0,0.0,0.0,72.4,,0.0,0.0,0.0,0.005287899999999996,20,2,5
Thomas Saggese,STL,85.2,2.2,-0.0,0.0,-0.2,87.2,28.4,0.0,0.0,0.0,0.00965358094435076,1186,81,194
Brett Harris,ATH,59.1,0.8,-0.0,1.5,0.1,61.5,27.7,0.0,2.0,1.0,0.0026993363095238095,336,29,53
Jac Caglianone,KC,46.0,-1.0,-0.0,-9.0,-0.2,35.8,26.8,0.0,-7.0,-6.0,-0.0005560454545454547,858,62,158
James Wood,WSH,134.8,1.0,0.0,-9.0,-0.4,126.4,27.8,9.0,-7.0,-6.0,0.02195818576804653,2923,157,377
Carter Jensen,KC,131.5,0.4,-0.0,0.0,-0.2,131.7,27.5,0.0,0.0,0.0,0.020790952218430036,293,20,48
Colson Montgomery,CWS,248.9,-0.0,0.0,7.5,-0.2,256.2,27.3,0.0,7.0,5.0,0.04950750459558823,1088,71,171
Harry Ford,SEA,-48.0,0.0,-0.0,0.0,0.0,-48.0,,0.0,0.0,0.0,-0.023208137931034486,29,5,4
Christian Moore,LAA,121.1,2.2,-0.0,-3.0,0.1,120.4,28.4,0.0,-2.0,-2.0,0.017878346598202824,779,50,102
Daylen Lile,WSH,174.8,3.6,0.0,-10.5,-0.5,167.4,29.1,16.0,-8.0,-7.0,0.03206311791730475,1306,91,265
Alejandro Osuna,TEX,75.3,2.4,-0.0,0.0,-0.3,77.4,28.5,0.0,0.0,0.0,0.0079088373655914,744,56,119
Hunter Goodman,COL,161.1,-0.2,0.0,0.0,0.1,161.0,27.2,0.0,0.0,0.0,0.03517519525801953,2151,143,384
Jacob Young,WSH,52.6,4.0,0.0,15.0,-0.2,71.4,29.3,36.0,14.0,13.0,0.001203831140350878,1368,107,265
Jimmy Crooks,STL,15.1,-1.4,0.0,0.0,0.0,13.7,26.6,0.0,0.0,0.0,-0.00821062814070352,199,13,27
Trey Sweeney,DET,59.3,2.2,0.0,-6.0,-0.3,55.2,28.4,0.0,-6.0,-4.0,0.002912505457598658,1191,108,206
Carson Williams,TB,19.1,1.2,0.0,-1.5,-0.2,18.6,27.9,0.0,-2.0,-1.0,-0.007386795673076921,416,31,55
Ben Rice,NYY,166.5,0.4,-0.0,0.0,-0.2,166.7,27.5,0.0,0.0,0.0,0.03166871240234375,2048,136,369
Edgar Quero,CWS,74.6,-4.8,-0.0,0.0,0.8,70.6,24.9,0.0,0.0,0.0,0.006382965887555276,1583,111,294
Kyle Manzardo,CLE,162.3,-3.8,0.0,-3.0,0.1,155.6,25.4,0.0,-3.0,-2.0,0.028907821728395063,2025,142,339
Zach Dezenzo,HOU,118.9,1.6,-0.0,-3.0,-0.1,117.4,28.1,0.0,-3.0,-2.0,0.01855733125,480,32,60
Roman Anthony,BOS,127.7,1.0,-0.0,7.5,-0.3,135.9,27.8,0.0,6.0,5.0,0.022790855027279813,1283,71,174
Cam Smith,HOU,103.3,4.0,-0.0,1.5,-0.3,108.5,29.3,25.0,1.0,1.0,0.01453278814814815,2025,133,303
Sal Stewart,CIN,158.8,-3.0,0.0,1.5,0.0,157.3,25.8,0.0,1.0,1.0,0.03085778341013825,217,18,40
Jackson Merrill,SD,186.2,2.4,-0.0,3.0,-0.5,191.1,28.5,1.0,3.0,2.0,0.03352158723653396,1708,114,337
Nathan Church,STL,43.0,2.8,-0.0,4.5,-0.4,49.9,28.7,1.0,4.0,3.0,-0.0010854785992217867,257,19,40
Nick Kurtz,ATH,180.9,-0.4,-0.0,-6.0,-0.1,174.4,27.1,0.0,-6.0,-4.0,0.03314221119592876,1965,117,270
Alan Roden,MIN,-23.5,1.0,0.5,3.0,-0.4,-19.4,27.8,0.0,2.0,2.0,-0.01806468115942029,138,10,25
Alan Roden,TOR,51.2,1.0,-0.2,3.0,-0.4,54.6,27.8,0.0,2.0,2.0,0.0009818014527845041,413,39,77
Cole Young,SEA,56.6,1.0,0.0,-9.0,-0.2,48.4,27.8,0.0,-8.0,-6.0,0.001070467757459095,1039,74,180
Caleb Durbin,MIL,135.6,1.6,-0.0,0.0,-0.1,137.1,28.1,0.0,0.0,0.0,0.02320778315217391,1840,134,397
Trey Lipscomb,WSH,98.7,0.0,0.0,0.0,0.0,98.7,,0.0,0.0,0.0,0.012854499999999996,16,1,3
Jackson Holliday,BAL,91.9,2.6,0.0,-9.0,-0.3,85.2,28.6,4.0,-8.0,-6.0,0.010191114052953159,2455,149,443
Chandler Simpson,TB,67.4,4.6,0.0,-7.5,-0.8,63.7,29.6,89.0,-5.0,-5.0,0.004448289855072465,1518,107,373
Rafael Flores,PIT,110.6,0.0,0.0,0.0,0.0,110.6,,0.0,0.0,0.0,0.014452293333333335,75,6,8
Otto Kemp,PHI,114.7,4.2,-0.0,-9.0,-0.1,109.8,29.4,5.0,-7.0,-6.0,0.018652346764346767,819,62,130
Jakob Marsee,MIA,204.3,1.6,-0.0,6.0,-0.4,211.5,28.1,2.0,4.0,4.0,0.036385360953461975,881,55,162
Chase Meidroth,CWS,63.2,-0.6,0.0,3.0,0.2,65.8,27.0,0.0,2.0,2.0,0.0035579178415167723,2057,119,377
Nacho Alvarez,ATL,62.9,-1.0,0.0,1.5,0.2,63.6,26.8,0.0,2.0,1.0,0.00412819536019536,819,57,142
Jacob Wilson,ATH,146.6,-0.6,-0.0,-3.0,0.3,143.3,27.0,1.0,-3.0,-2.0,0.024566718228867166,1739,125,444
Bryce Eldridge,SF,25.1,-4.8,-0.0,0.0,0.0,20.3,24.9,0.0,0.0,0.0,-0.005975174999999999,160,10,16
Zach Cole,HOU,307.3,2.8,0.0,-1.5,0.0,308.6,28.7,3.0,-1.0,-1.0,0.06708495089285713,224,15,27
Luke Keaschall,MIN,167.8,2.8,-0.0,-1.5,-0.2,168.9,28.7,1.0,-2.0,-1.0,0.03072666322580645,775,49,152
Matt Shaw,CHC,114.4,3.4,-0.0,-1.5,-0.2,116.1,29.0,3.0,-1.0,-1.0,0.017991513305736253,1691,121,295
Masataka Yoshida,BOS,74.9,-1.8,0.0,0.0,0.2,73.3,26.4,0.0,0.0,0.0,0.008364163636363638,715,55,164
Hyeseong Kim,LAD,114.7,2.8,0.0,0.0,-0.5,117.0,28.7,0.0,0.0,0.0,0.01718085303030303,660,58,107
Jung Hoo Lee,SF,113.5,1.8,-0.0,-7.5,-0.1,107.7,28.2,0.0,-5.0,-5.0,0.015425937128292266,2354,148,488
Ben Williamson,SEA,59.8,1.6,-0.0,0.0,-0.1,61.3,28.1,0.0,0.0,0.0,0.001809522203947369,1216,82,214
Shinnosuke Ogasawara,WSH,-157.0,0.0,0.0,0.0,0.0,-157.0,,0.0,0.0,0.0,-0.05168333333333334,3,1,0
