player_name,team_tag,season_uvi,ppp,total_pitches,games
Andrew Abbott,CIN,137.3,-0.010559927157265595,2677,29
Mick Abel,MIN,61.0,-0.02505675939849624,266,4
Mick Abel,PHI,49.3,-0.0280405704845815,454,6
Philip Abner,AZ,152.0,-0.005794028169014087,71,5
Bryan Abreu,HOU,151.2,-0.006275549958018472,1191,70
Garrett Acton,TB,159.3,-0.002857142857142857,21,1
Jason Adam,SD,122.3,-0.010998148587055607,1097,65
Travis Adams,MIN,51.5,-0.027069745481927716,664,18
Ty Adcock,NYM,96.6,-0.01710304878048781,82,3
Zach Agnos,COL,114.4,-0.016921356736242888,527,30
Keegan Akin,BAL,57.9,-0.025068029080675423,1066,64
Jorge Alcala,BOS,129.9,-0.012271891719745224,314,19
Jorge Alcala,MIN,52.8,-0.02680845492662474,477,22
Jorge Alcala,STL,92.0,-0.01849906642066421,271,15
Sandy Alcantara,MIA,84.6,-0.018729408572416176,2893,31
Sam Aldegheri,LAA,14.1,-0.034907842105263154,304,4
Jason Alexander,ATH,21.6,-0.03331429268292683,123,4
Jason Alexander,HOU,73.9,-0.022494500442869797,1129,14
Scott Alexander,COL,71.0,-0.024907614814814818,270,19
Scott Alexander,SF,27.8,-0.031777906976744194,43,2
Tyler Alexander,CWS,19.8,-0.03365790081799591,978,31
Tyler Alexander,MIL,84.2,-0.0204943632,625,21
Kolby Allard,CLE,142.9,-0.007417820158102766,1012,33
Logan Allen,CLE,82.3,-0.020386123479542943,2713,30
Dan Altavilla,CWS,81.7,-0.020137504385964913,456,28
Elvis Alvarado,ATH,98.1,-0.016781490221642766,767,37
José Alvarado,PHI,84.8,-0.02087875054704595,457,28
Andrew Alvarez,WSH,192.9,0.0032776985645933013,418,5
Jacob Amaya,CWS,490.6,0.06910000000000001,6,1
Grant Anderson,MIL,130.2,-0.010962300854700856,1170,66
Ian Anderson,LAA,38.0,-0.029692043478260863,207,7
Nick Anderson,COL,156.2,-0.009222248962655602,241,12
Shaun Anderson,LAA,-68.2,-0.05285498617511521,217,7
Tyler Anderson,LAA,32.2,-0.030946356991075223,2353,26
Luarbert Arias,MIA,95.0,-0.01635618357487923,207,7
Shawn Armstrong,TEX,158.3,-0.005744364937388193,1118,71
Spencer Arrighetti,HOU,46.3,-0.028271990306946687,619,7
Aaron Ashby,MIL,187.7,0.0009707909002904172,1033,43
Braxton Ashcraft,PIT,163.9,-0.0010737280939476055,1107,26
Graham Ashcraft,CIN,72.4,-0.02351451973051011,1039,62
Javier Assad,CHC,166.6,-0.0037299417989417986,567,8
Luinder Avila,KC,201.2,0.005488045871559632,218,13
Lake Bachar,MIA,96.1,-0.016100692107545535,1153,53
Sam Bachman,LAA,67.9,-0.023161513432835824,335,23
Kyle Backhus,AZ,55.3,-0.0262698511627907,430,32
Bryan Baker,BAL,95.4,-0.016720776119402987,603,42
Bryan Baker,TB,72.7,-0.021948036072144288,499,31
Anthony Banda,LAD,118.6,-0.012859783333333333,1080,70
Tanner Banks,PHI,150.6,-0.00761888143382353,1088,69
Hunter Barco,PIT,205.2,0.008226304347826086,46,2
Scott Barlow,CIN,170.3,-0.003960999222395025,1286,75
Jacob Barnes,TOR,46.7,-0.028087109589041093,146,6
Mason Barnett,ATH,48.4,-0.02751586078886311,431,5
Tucker Barnhart,TEX,-14.6,-0.040947727272727275,22,1
Chris Bassitt,TOR,100.0,-0.016809486953455573,2836,32
Brady Basso,ATH,143.7,-0.006926433333333334,210,11
Jake Bauers,MIL,82.1,-0.020936875,80,5
Félix Bautista,BAL,198.5,0.006260058823529413,629,35
Shane Baz,TB,82.7,-0.019731090308370048,2724,31
Eduard Bazardo,SEA,177.3,0.0032678116883116874,1232,73
Tristan Beck,SF,181.4,0.0024435385556915534,817,31
David Bednar,NYY,105.7,-0.01625260696517413,402,22
David Bednar,PIT,80.6,-0.0198209126984127,630,42
Jalen Beeks,AZ,149.7,-0.00628667857142857,924,61
Clayton Beeter,NYY,-169.4,-0.07280580000000002,85,2
Clayton Beeter,WSH,223.5,0.009820573684210526,380,24
Brayan Bello,BOS,134.9,-0.011295271682727948,2698,29
Valente Bellozo,MIA,102.0,-0.01476476701966717,1322,32
Anthony Bender,MIA,34.3,-0.03016631147540984,793,51
Ryan Bergert,KC,104.1,-0.015495125534950072,701,8
Ryan Bergert,SD,122.7,-0.01091682764227642,615,11
Brennan Bernardino,BOS,203.1,0.002209472514619883,855,55
José Berríos,TOR,83.5,-0.0203036300154321,2592,31
Jon Berti,CHC,133.1,-0.010624509803921567,51,4
Tanner Bibee,CLE,71.0,-0.022800967058823528,2975,31
Osvaldo Bido,ATH,37.6,-0.029864589466089463,1386,26
Shane Bieber,TOR,129.2,-0.010620947286821707,645,7
Hunter Bigge,TB,-28.0,-0.04415157709251102,227,13
Jake Bird,COL,73.8,-0.02438951735357918,922,45
Jake Bird,NYY,-431.4,-0.12665437735849058,53,3
Hayden Birdsong,SF,99.8,-0.01572912050209205,1195,21
Spencer Bivens,SF,104.6,-0.01466179275808937,1298,54
Mason Black,SF,45.5,-0.027827702702702704,74,1
Paul Blackburn,NYM,127.0,-0.01054616745283019,424,7
Paul Blackburn,NYY,168.1,-0.003427479338842976,242,8
Bradley Blalock,COL,-38.8,-0.045123657971014496,1035,14
Ronel Blanco,HOU,42.1,-0.029155583123425692,794,9
Scott Blewett,ATL,170.8,-0.002166886718750002,256,11
Scott Blewett,BAL,142.8,-0.006151337628865979,388,13
Scott Blewett,MIN,188.8,0.001998477611940296,67,2
AJ Blubaugh,HOU,162.2,-0.00398733661417323,508,11
Cody Bolton,CLE,118.4,-0.012667499999999998,40,1
Cam Booser,CWS,34.0,-0.03055513986013986,572,39
Ryan Borucki,PIT,-4.7,-0.03903918618042227,521,35
Ryan Borucki,TOR,181.3,0.00039916883116883014,77,4
Caleb Boushley,TEX,126.3,-0.01226077658142665,743,25
Ben Bowden,ATH,25.7,-0.0324275935828877,187,11
Jonathan Bowlan,KC,132.8,-0.009299957359009627,727,34
Matt Bowman,BAL,113.8,-0.012608375838926175,447,20
Matthew Boyd,CHC,115.3,-0.014284801237713871,2747,31
Joe Boyle,TB,105.1,-0.01480481730769231,936,13
Kyle Bradish,BAL,162.4,-0.0017942246963562765,494,6
Taj Bradley,MIN,16.4,-0.03451422077922078,539,6
Taj Bradley,TB,98.5,-0.01625843008948546,1788,21
Matt Brash,SEA,133.9,-0.006817228260869565,828,53
Ryan Brasier,CHC,151.8,-0.006777652406417114,374,27
Huascar Brazobán,NYM,99.8,-0.016425949852507372,1017,52
John Brebbia,ATL,-14.3,-0.04098547619047619,84,3
John Brebbia,DET,100.9,-0.016398037234042553,376,19
Jonah Bride,MIN,64.6,-0.024304385964912283,114,4
Beau Brieske,DET,-21.0,-0.04247157701711491,409,22
Jeff Brigham,AZ,-667.1,-0.1791968253968254,63,4
Connor Brogdon,LAA,69.9,-0.0227258511137163,853,43
Ben Brown,CHC,47.7,-0.028180282172373082,1694,24
Hunter Brown,HOU,158.0,-0.004856183625336927,2968,31
McCade Brown,COL,-11.6,-0.04010479282868526,502,7
JT Brubaker,NYY,205.2,0.004197286821705428,258,12
JT Brubaker,SF,184.7,0.0031865906976744174,215,5
Justin Bruihl,TOR,138.6,-0.008626131004366813,229,15
Vidal Bruján,ATL,-25.8,-0.043384782608695646,23,2
Zach Brzykcy,WSH,130.2,-0.010133606521739133,460,26
Kris Bubic,KC,128.5,-0.01021666870483602,1799,20
Walker Buehler,BOS,62.1,-0.025693084900864263,1967,23
Walker Buehler,PHI,231.6,0.008709683035714287,224,3
Aaron Bummer,ATL,133.3,-0.01003583086680761,946,42
Nick Burdi,BOS,204.0,0.0023908433734939746,83,4
Juan Burgos,AZ,-184.7,-0.07707874803149607,127,9
Juan Burgos,SEA,149.0,-0.0033154639175257713,97,4
Brock Burke,LAA,111.4,-0.013664238326848249,1028,69
Sean Burke,CWS,82.1,-0.020057252521008404,2380,28
Alec Burleson,STL,87.9,-0.019371428571428578,7,1
Corbin Burnes,AZ,113.6,-0.013924104950495047,1010,11
Chase Burns,CIN,103.2,-0.017364105882352942,765,13
Ryan Burr,TOR,245.2,0.013921923076923077,39,2
Mike Burrows,PIT,117.4,-0.01152889169909209,1542,23
José Buttó,NYM,100.1,-0.016355311787072245,789,34
José Buttó,SF,36.1,-0.029940220820189278,317,21
José Caballero,TB,-273.0,-0.09817142857142858,28,1
Edward Cabrera,MIA,117.2,-0.01128968175765646,2253,26
Génesis Cabrera,CHC,21.1,-0.03364893103448276,145,9
Génesis Cabrera,MIN,-24.6,-0.043179279863481225,293,16
Génesis Cabrera,NYM,179.0,0.0006903130434782603,115,6
Génesis Cabrera,PIT,131.3,-0.008404586826347307,167,9
Noah Cameron,KC,105.9,-0.0151085020766036,2167,24
Isaiah Campbell,BOS,103.0,-0.017594036697247704,109,6
Griffin Canning,NYM,131.6,-0.009554993298585258,1343,16
Jonathan Cannon,CWS,36.8,-0.029944770428015566,1799,22
Yennier Cano,BAL,-4.3,-0.03892556552419355,992,65
Joey Cantillo,CLE,143.0,-0.007404113622480148,1637,34
Vinny Capra,CWS,39.4,-0.02938125,32,3
Carlos Carrasco,ATL,-30.5,-0.04436860377358491,265,3
Carlos Carrasco,NYY,65.7,-0.02446515758754864,514,8
Alex Carrillo,NYM,-475.7,-0.14074129761904763,84,3
Ben Casparius,LAD,124.7,-0.011570151878497201,1251,45
Blas Castaño,SEA,30.1,-0.030971,50,1
José Castillo,AZ,-149.6,-0.06965326666666667,105,5
José Castillo,BAL,200.2,0.006637606837606835,117,5
José Castillo,NYM,90.7,-0.018373874100719428,278,16
José Castillo,SEA,226.0,0.014590897959183677,49,3
Luis Castillo,SEA,92.0,-0.016568305220883536,2988,32
Luis F. Castillo,SEA,55.7,-0.02501356804733728,169,2
Miguel Castro,CWS,126.8,-0.010296933333333334,105,6
Willi Castro,MIN,302.9,0.026150000000000007,12,1
Cade Cavalli,WSH,88.3,-0.019086387341772156,790,10
Dylan Cease,SD,94.0,-0.01725068905635649,3052,32
Slade Cecconi,CLE,66.3,-0.023791936684388594,2069,23
Andrew Chafin,LAA,190.3,0.0035661630901287545,233,16
Andrew Chafin,WSH,151.6,-0.0055616272965879265,381,26
Bubba Chandler,PIT,171.7,0.0006971995661605197,461,7
Aroldis Chapman,BOS,176.4,-0.0030832717391304316,920,67
Jesse Chavez,ATL,-73.4,-0.053358549707602336,171,4
Angel Chivilli,COL,60.2,-0.026896020428015564,1028,43
Marc Church,TEX,99.5,-0.01773256565656565,99,5
Aaron Civale,CHC,202.3,0.0035971857142857136,210,5
Aaron Civale,CWS,96.1,-0.01700164900086881,1151,13
Aaron Civale,MIL,13.3,-0.03521319896640827,387,5
Taylor Clarke,KC,152.4,-0.005063261271676302,865,51
Emmanuel Clase,CLE,113.6,-0.013682722811671088,754,48
Garrett Cleavinger,TB,57.8,-0.025222683066361554,874,67
Kody Clemens,MIN,-53.1,-0.049215,20,1
Mike Clevinger,CWS,29.9,-0.03146256140350877,114,8
Luis Contreras,HOU,118.0,-0.013246776785714287,224,9
Roansy Contreras,BAL,105.5,-0.014474760563380287,71,1
Roansy Contreras,COL,148.1,-0.010710126984126985,126,4
Patrick Corbin,TEX,97.9,-0.0180545694980695,2590,31
Jose Corniell,TEX,-398.5,-0.11910082926829266,41,1
Nestor Cortes,MIL,-53.9,-0.049156373333333336,150,2
Nestor Cortes,SD,81.5,-0.02001256792873051,449,6
Tom Cosgrove,CHC,242.0,0.011772656250000001,64,2
Danny Coulombe,MIN,210.0,0.006471029473684211,475,40
Danny Coulombe,TEX,-77.2,-0.0536903469387755,245,15
Austin Cox,ATL,87.8,-0.01957592505854801,427,13
Nabil Crismatt,AZ,58.3,-0.025637181647940075,534,8
Cooper Criswell,BOS,108.7,-0.016469728260869565,276,7
Garrett Crochet,BOS,162.1,-0.005901706759758808,3151,32
Fernando Cruz,NYY,173.9,-0.0022317831021437594,793,49
Omar Cruz,SD,189.1,0.00373320987654321,81,2
Steven Cruz,KC,137.2,-0.008345942724458207,646,47
Xzavion Curry,MIA,23.7,-0.032572052631578946,57,3
John Curtiss,AZ,150.1,-0.006209932234432233,546,30
Luis Curvelo,TEX,100.0,-0.01762181762917933,329,17
Caden Dana,LAA,-11.4,-0.040462047957371225,563,7
Davis Daniel,ATL,99.8,-0.017051540983606558,183,3
Dugan Darnell,COL,187.3,-0.0034975294117647053,187,9
Michael Darrell-Hicks,LAA,128.7,-0.009883805970149253,134,6
Michael Darrell-Hicks,PIT,340.2,0.03864583333333334,24,1
Yu Darvish,SD,22.5,-0.03301182155172414,1160,15
Logan Davidson,LAA,350.4,0.03850357142857143,14,1
Noah Davis,LAD,-90.3,-0.05708719402985075,134,5
Noah Davis,MIN,-177.4,-0.07554335042735041,117,4
José De León,BOS,56.5,-0.026795594059405944,101,1
Enyel De Los Santos,ATL,123.8,-0.012023670157068064,764,43
Enyel De Los Santos,HOU,105.5,-0.015873646892655364,354,22
Yerry De los Santos,NYY,150.4,-0.007054486486486487,592,25
Anthony DeSclafani,AZ,104.0,-0.015952233908948194,637,13
Reid Detmers,LAA,86.3,-0.019132362727272728,1100,61
Chris Devenski,NYM,225.5,0.010734851145038166,262,13
Hunter Dobbins,BOS,99.3,-0.01832171901709402,936,13
Randy Dobnak,MIN,246.2,0.014137341772151897,79,1
Dylan Dodd,ATL,111.1,-0.014695046641791045,536,28
Chase Dollander,COL,47.1,-0.029300443194600675,1778,21
Seranthony Domínguez,BAL,154.4,-0.0035713662162162175,740,43
Seranthony Domínguez,TOR,200.7,0.004501899728997289,369,24
Camilo Doval,NYY,90.0,-0.019478358166189112,349,22
Camilo Doval,SF,151.1,-0.004302329842931938,764,47
Jack Dreyer,LAD,189.1,0.002055329555361813,1147,66
Shawn Dubin,BAL,178.7,0.0018476618705035976,139,7
Shawn Dubin,HOU,34.9,-0.03065879854368932,412,23
Dane Dunning,ATL,113.3,-0.014221767955801105,181,7
Dane Dunning,TEX,168.0,-0.003785384615384616,195,5
Carlos Duran,ATH,19.5,-0.033768518518518524,27,1
Ezequiel Duran,TEX,429.0,0.049348,25,4
Jhoan Duran,MIN,206.6,0.005764976863753213,778,49
Jhoan Duran,PHI,1.2,-0.03774263311688312,308,23
Alexis Díaz,ATL,176.7,-0.0009305223880597025,67,3
Alexis Díaz,CIN,-78.9,-0.05373632061068702,131,6
Alexis Díaz,LAD,98.1,-0.017208262195121952,164,9
Edwin Díaz,NYM,211.1,0.007636166822867854,1067,62
Jhonathan Díaz,SEA,244.0,0.01878846153846154,26,1
Yilber Díaz,AZ,113.0,-0.014060000000000005,60,1
Connelly Early,BOS,222.0,0.0059518761609907095,323,4
Nate Eaton,BOS,99.4,-0.01831071428571429,14,1
Jake Eder,LAA,113.2,-0.013261496710526314,304,8
Carl Edwards Jr.,LAA,119.8,-0.01182872340425532,47,2
Carl Edwards Jr.,TEX,292.2,0.021498837209302325,43,2
Scott Effross,NYY,131.2,-0.01101284076433121,157,11
Zach Eflin,BAL,12.8,-0.03513060425909494,1127,14
Brandon Eisert,CWS,39.6,-0.029339324455205814,1239,72
Bryce Elder,ATL,76.2,-0.021996445414847163,2519,28
Fraser Ellard,CWS,134.5,-0.00863039090909091,330,18
Mason Englert,TB,189.1,0.0037297172413793107,725,29
Dietrich Enns,BAL,110.0,-0.013473856832971802,461,17
Dietrich Enns,DET,99.6,-0.01667505743243243,296,7
Nic Enright,CLE,117.5,-0.012860353383458648,532,27
Nathan Eovaldi,TEX,199.1,0.0025520582120582115,1924,22
Lucas Erceg,KC,119.7,-0.01211669262295082,976,61
Jose Espada,BAL,336.9,0.0371,30,1
Joey Estes,ATH,10.8,-0.035638016129032266,186,3
Jeremiah Estrada,SD,89.1,-0.01833052491961415,1244,77
Lazaro Estrada,TOR,43.5,-0.028777882352941177,119,2
Carlos Estévez,KC,92.4,-0.01802414567669173,1064,67
Logan Evans,SEA,47.8,-0.026855238839285714,1344,16
Pete Fairbanks,TB,45.2,-0.028007890577507594,987,61
Bailey Falter,KC,-39.6,-0.04652239130434783,253,4
Bailey Falter,PIT,104.4,-0.014454522071806948,1699,22
Kyle Farmer,COL,-255.4,-0.0849857142857143,7,1
Mitch Farris,LAA,14.6,-0.034789320987654325,405,5
Calvin Faucher,MIA,75.2,-0.020852831279620853,1055,65
Erick Fedde,ATL,6.8,-0.03654571460176991,452,5
Erick Fedde,MIL,-60.5,-0.05053268,250,7
Erick Fedde,STL,91.6,-0.018591509569377992,1672,20
Ryan Feltner,COL,90.0,-0.021404671128107077,523,6
Caleb Ferguson,PIT,159.0,-0.002177739002932553,682,45
Caleb Ferguson,SEA,112.4,-0.011839236559139784,372,25
Tyler Ferguson,ATH,138.3,-0.008092329659318638,998,56
José Fermin,LAA,62.1,-0.02443467633587786,655,40
Ryan Fernandez,STL,13.0,-0.03521713157894737,532,32
Julian Fernández,LAD,157.6,-0.004605555555555554,36,1
Julian Fernández,WSH,195.3,0.0037914999999999984,40,3
Jose A. Ferrer,WSH,54.1,-0.02641095967078189,1215,72
David Festa,MIN,85.1,-0.019967367346938773,882,11
Matt Festa,CLE,117.5,-0.012855471445929526,823,63
J.P. Feyereisen,AZ,-255.6,-0.09209855319148938,47,2
J.P. Feyereisen,LAD,-214.7,-0.0834221052631579,38,2
Kyle Finnegan,DET,227.2,0.010614698412698414,252,16
Kyle Finnegan,WSH,9.6,-0.03592250580431177,603,40
Braydon Fisher,TOR,159.7,-0.004158779499404053,839,52
Richard Fitts,BOS,57.2,-0.02666392244897959,735,11
Ryan Fitzgerald,MIN,231.0,0.010916666666666667,24,2
Jack Flaherty,DET,72.5,-0.02246524409171076,2835,31
Chris Flexen,CHC,181.0,-0.0007766983655274894,673,21
Mason Fluharty,TOR,182.6,0.0006759440000000012,875,55
J.P. France,HOU,242.9,0.012931315789473683,76,2
Bowden Francis,TOR,22.4,-0.03323990901137358,1143,14
Kyle Freeland,COL,75.7,-0.02404377108433735,2490,31
Caleb Freeman,CWS,6.8,-0.036499385714285716,70,5
Max Fried,NYY,155.7,-0.005975501607717042,3110,32
Didier Fuentes,ATL,-36.0,-0.045517344709897614,293,4
Carson Fulmer,LAA,174.1,2.188311688311693e-05,462,13
Michael Fulmer,BOS,98.0,-0.01858095238095238,63,1
Michael Fulmer,CHC,300.6,0.023805555555555562,27,2
Kody Funderburk,MIN,155.0,-0.005167032876712329,730,39
Hunter Gaddis,CLE,93.9,-0.017896175471698115,1060,73
Matt Gage,DET,223.1,0.009725301204819277,83,6
Matt Gage,SF,95.6,-0.01666487858719647,453,27
Zac Gallen,AZ,52.8,-0.026794132610774627,3137,33
Gerson Garabito,TEX,76.9,-0.022320611570247936,121,3
Brandyn Garcia,AZ,165.6,-0.0029139911504424774,226,12
Brandyn Garcia,SEA,43.6,-0.02783529411764706,51,2
Luis Garcia,HOU,105.8,-0.01579772641509435,106,2
Rico Garcia,BAL,77.5,-0.020696606060606065,330,20
Rico Garcia,NYM,229.5,0.011610922330097088,206,8
Rico Garcia,NYY,160.6,-0.00497377358490566,53,1
Robert Garcia,TEX,55.3,-0.026717170234454635,981,71
Luis García,LAA,183.7,0.0021140519031141863,289,20
Luis García,LAD,121.1,-0.01233766194331984,494,27
Luis García,WSH,252.8,0.01608503773584906,106,10
Yimi García,TOR,111.5,-0.014371777472527473,364,22
Reed Garrett,NYM,90.5,-0.01841827659574468,987,58
Justin Garza,NYM,180.3,0.00098139534883721,86,5
Robert Gasser,MIL,10.5,-0.03580684313725491,102,2
Kevin Gausman,TOR,118.1,-0.012967866030283081,3038,32
Joey Gerber,TB,-52.9,-0.04964021875,64,2
Paul Gervase,LAD,187.3,0.0016671875000000024,32,1
Paul Gervase,TB,116.5,-0.012284923076923075,104,5
Ian Gibaut,CIN,61.2,-0.025764092783505152,388,25
Cade Gibson,MIA,144.4,-0.005106925845147223,917,44
Kyle Gibson,BAL,-85.4,-0.05700099285714286,280,4
Luis Gil,NYY,101.0,-0.017218880412371136,970,11
Logan Gilbert,SEA,98.2,-0.015120926252319112,2156,25
Tyler Gilbert,CWS,172.3,-0.00038125205158264994,853,46
Lucas Gilbreath,COL,126.3,-0.014730555555555556,18,1
Logan Gillaspie,SD,50.9,-0.026742035714285715,112,3
Connor Gillispie,MIA,36.9,-0.029570182203389833,472,6
Kevin Ginkel,AZ,61.2,-0.02503050916496945,491,29
J.T. Ginn,ATH,66.9,-0.023524735443037976,1580,23
Lucas Giolito,BOS,150.3,-0.008240043001686343,2372,26
Sawyer Gipson-Long,DET,-4.4,-0.03892333693304536,463,8
Tyler Glasnow,LAD,141.1,-0.008115026280323451,1484,18
Austin Gomber,COL,-41.1,-0.0455448038038038,999,12
Tony Gonsolin,LAD,29.4,-0.03175411986863711,609,7
Wikelman González,CWS,211.3,0.008140241847826088,368,16
Colton Gordon,HOU,39.8,-0.029634553118574363,1459,20
Tanner Gordon,COL,24.3,-0.03351333012048193,1245,15
MacKenzie Gore,WSH,111.7,-0.01409219723306137,2819,30
Gordon Graceffo,STL,114.2,-0.013798396825396825,756,26
Andre Granillo,STL,184.7,0.0011302742382271462,361,14
Kendall Graveman,AZ,74.2,-0.022270250000000002,324,19
Jon Gray,TEX,-82.2,-0.05470289047619047,210,6
Sonny Gray,STL,108.9,-0.01493183370044053,2724,32
Chad Green,TOR,63.4,-0.024546268802228415,718,45
Hunter Greene,CIN,139.3,-0.010156604118993138,1748,19
Sean Guenther,DET,159.8,-0.0038060193548387113,155,9
Luis Guerrero,BOS,142.1,-0.009869252595155711,289,13
Ryan Gusto,HOU,83.5,-0.020465203653585926,1478,24
Ryan Gusto,MIA,-16.4,-0.041704665492957746,284,3
Yoendrys Gómez,CWS,103.5,-0.01538774135876043,839,12
Yoendrys Gómez,LAD,54.4,-0.02646505376344086,93,3
Yoendrys Gómez,NYY,165.5,-0.0039575581395348836,172,6
Josh Hader,HOU,144.0,-0.0077857309048178615,851,48
Justin Hagenman,NYM,142.7,-0.0071469634464751955,383,9
Jesse Hahn,SEA,173.5,0.002377055555555555,90,3
DL Hall,MIL,191.4,0.0017485483870967723,589,20
Seth Halvorsen,COL,125.0,-0.014969635937499998,640,42
Dom Hamel,NYM,-34.6,-0.045446153846153844,13,1
Ian Hamilton,NYY,113.7,-0.014617627725856699,642,36
Garrett Hampson,STL,787.9,0.12883333333333333,3,1
Emerson Hancock,SEA,45.1,-0.027485587491215744,1423,22
Brenan Hanifee,DET,102.4,-0.016080630366492148,955,54
Thomas Harrington,PIT,5.2,-0.036802925,200,3
Hayden Harris,ATL,159.8,-0.004487,50,3
Hogan Harris,ATH,158.6,-0.0037102024539877303,1141,48
Kyle Harrison,BOS,175.3,-0.0032944450000000026,200,3
Kyle Harrison,SF,76.2,-0.020995196428571433,392,8
Kyle Hart,SD,81.0,-0.020122528901734105,692,20
Geoff Hartlieb,DET,99.2,-0.016768181818181817,44,2
Geoff Hartlieb,NYY,9.4,-0.03605230769230769,65,2
Hunter Harvey,KC,303.5,0.027577317365269464,167,12
Thomas Hatch,KC,-73.2,-0.05379736842105263,19,1
Thomas Hatch,MIN,136.2,-0.009135973776223778,572,11
Brent Headrick,NYY,170.4,-0.002957,370,17
Andrew Heaney,LAD,-353.2,-0.11274601886792454,53,1
Andrew Heaney,PIT,41.5,-0.028637114173228347,2032,26
Austin Hedges,CLE,87.7,-0.019231250000000002,56,3
Tyler Heineman,TOR,-110.8,-0.061443965517241385,58,3
Ryan Helsley,NYM,-126.0,-0.06519640364583333,384,22
Ryan Helsley,STL,99.0,-0.017010970491803275,610,36
Logan Henderson,MIL,208.1,0.005220021951219512,410,5
Kyle Hendricks,LAA,60.1,-0.024852869918699186,2583,31
Liam Hendriks,BOS,92.2,-0.019738064655172412,232,14
Edgardo Henriquez,LAD,27.4,-0.03218575714285715,280,22
Ronny Henriquez,MIA,108.4,-0.013292273350471293,1167,69
Cole Henry,WSH,158.6,-0.004071527347781218,969,57
Tommy Henry,AZ,133.0,-0.009829906542056075,107,2
Jimmy Herget,COL,192.9,-0.002458820512820513,1287,59
Kevin Herget,ATL,152.2,-0.0060765624999999995,32,1
Kevin Herget,NYM,193.0,0.0037228260869565212,184,6
Nick Hernandez,HOU,138.1,-0.009023303167420815,221,10
Carlos Hernández,CLE,218.2,0.008677010309278348,97,5
Carlos Hernández,DET,147.8,-0.006373276785714287,224,11
Carlos Hernández,PHI,160.2,-0.005671425000000002,440,25
Daysbel Hernández,ATL,95.5,-0.017958540802213,723,39
Enrique Hernández,LAD,49.3,-0.027535200000000003,125,5
Jose Herrera,AZ,136.2,-0.009144444444444443,27,2
Tim Herrin,CLE,126.4,-0.010952137566137566,756,54
Codi Heuer,DET,14.3,-0.034916567164179096,67,2
Codi Heuer,TEX,158.7,-0.0056774999999999985,20,1
Jordan Hicks,BOS,44.1,-0.029247907161803716,377,21
Jordan Hicks,SF,91.3,-0.01762389588377724,826,13
Jaden Hill,COL,164.9,-0.007613554192229039,489,28
Rich Hill,KC,-47.0,-0.04812476608187135,171,2
Tim Hill,NYY,85.5,-0.020403446271929825,912,70
Yaramil Hiraldo,BAL,103.1,-0.014996444444444442,315,18
Sean Hjelle,SF,30.8,-0.031108694980694983,259,12
Porter Hodge,CHC,25.0,-0.03283322349102774,613,35
Bryan Hoeing,SD,168.2,-0.0008862595419847325,131,7
Jeff Hoffman,TOR,29.7,-0.031689003533568905,1132,71
Nolan Hoffman,PHI,6.1,-0.03675384615384615,26,1
Andrew Hoffmann,AZ,-86.2,-0.05622846853146853,143,8
Andrew Hoffmann,KC,15.7,-0.03459560194174757,103,3
Gunnar Hoglund,ATH,3.8,-0.03714982664233577,548,6
Colin Holderman,PIT,-64.4,-0.05248532056451613,496,24
Gavin Hollowell,CHC,180.2,-0.0009462906976744164,172,7
Grant Holman,ATH,44.8,-0.028300332446808508,376,22
Clay Holmes,NYM,129.4,-0.01001888720173536,2766,33
Grant Holmes,ATL,108.1,-0.015314523350253809,1970,22
Tyler Holton,DET,75.6,-0.021807775773195877,1164,70
Bailey Horn,DET,126.4,-0.010952343750000001,224,10
Cade Horton,CHC,153.6,-0.006404563128491622,1790,23
Tanner Houck,BOS,37.5,-0.03055870493991989,749,9
Adrian Houser,CWS,153.1,-0.004573346346346345,999,11
Adrian Houser,TB,106.4,-0.014515761478163495,893,10
Bryan Hudson,CWS,78.3,-0.020879357142857144,84,4
Bryan Hudson,MIL,154.9,-0.005824413223140496,242,12
Cooper Hummel,HOU,-361.7,-0.11379411764705882,17,1
Brant Hurter,DET,160.3,-0.003692366541353384,1064,43
Raisel Iglesias,ATL,24.7,-0.032810556468172485,974,70
Shota Imanaga,CHC,76.4,-0.022272114272166903,2109,24
Jake Irvin,WSH,24.1,-0.032829452663725826,2947,33
Alex Jackson,BAL,-107.6,-0.061947916666666665,24,1
Luke Jackson,DET,173.3,-0.0009255681818181818,88,3
Luke Jackson,SEA,192.2,0.0067301043956043945,182,10
Luke Jackson,TEX,24.5,-0.03298468796992481,532,39
Alek Jacob,SD,80.1,-0.020312721843003412,586,29
Drey Jameson,AZ,-88.1,-0.05662328301886792,53,3
Travis Jankowski,NYM,-76.8,-0.05456153846153847,13,1
Kenley Jansen,LAA,115.3,-0.012810829157175397,878,62
Bryce Jarvis,AZ,148.6,-0.006528215158924206,409,12
Cristian Javier,HOU,130.7,-0.010576064724919093,618,8
Griffin Jax,MIN,67.1,-0.023762488281249997,768,50
Griffin Jax,TB,33.5,-0.03060080415430267,337,23
Jackson Jobe,DET,118.0,-0.01274444583808438,877,10
Pierce Johnson,ATL,32.7,-0.031118790602655776,979,65
Ryan Johnson,LAA,-89.4,-0.057482789285714285,280,14
Seth Johnson,PHI,26.8,-0.03258196728971963,214,10
Ben Joyce,LAA,-357.0,-0.11588960563380281,71,5
Jakob Junis,CLE,173.1,-0.0009535785920925754,1037,57
Janson Junk,MIA,95.5,-0.016243491985203452,1622,21
Tommy Kahnle,DET,74.6,-0.02201601639344262,1037,66
Niko Kavadas,LAA,158.8,-0.003328000000000002,25,1
Brad Keller,CHC,171.6,-0.0026970224416517047,1114,68
Mitch Keller,PIT,76.8,-0.020674170323928945,2871,32
Casey Kelly,AZ,190.8,0.0024070833333333327,24,2
Kevin Kelly,TB,-77.3,-0.055025099662162166,592,41
Merrill Kelly,AZ,135.1,-0.009374839721254358,2009,22
Merrill Kelly,TEX,56.9,-0.026387812348668282,826,10
Michael Kelly,ATH,101.6,-0.016039575939849622,665,42
Zack Kelly,BOS,123.0,-0.013639988074957409,587,28
Zak Kent,CLE,141.1,-0.007806987012987016,308,12
Orion Kerkering,PHI,23.3,-0.033273899353647274,1083,69
Clayton Kershaw,LAD,130.9,-0.010258687358916479,1772,23
Yusei Kikuchi,LAA,88.2,-0.018719811836603407,3109,33
Craig Kimbrel,ATL,84.8,-0.02020257142857143,14,1
Craig Kimbrel,HOU,184.5,0.0007016330275229364,218,13
Isiah Kiner-Falefa,TOR,409.5,0.04872142857142857,7,1
Bryan King,HOU,68.4,-0.02363145984703633,1046,68
John King,STL,97.4,-0.017368158567774936,782,51
Michael King,SD,80.4,-0.020251758818703853,1219,15
Scott Kingery,LAA,-216.6,-0.08524459459459459,37,1
Tyler Kinley,ATL,282.7,0.021280164305949006,353,24
Tyler Kinley,COL,83.9,-0.022526782167042892,886,49
George Kirby,SEA,105.2,-0.013502408241494969,2087,23
Andrew Kittredge,BAL,132.8,-0.008389060000000004,450,31
Andrew Kittredge,CHC,87.3,-0.02003723602484472,322,23
Will Klein,LAD,158.4,-0.0044357770491803275,305,14
Landon Knack,LAD,79.3,-0.021197477792732164,743,9
Jack Kochanowicz,LAA,32.1,-0.030973350933333334,1875,23
Jared Koenig,MIL,106.9,-0.015796958930276984,1047,72
Stephen Kolek,KC,213.9,0.008225390350877193,456,5
Stephen Kolek,SD,112.6,-0.013144776071139855,1237,14
Michael Kopech,LAD,190.8,0.002412580086580087,231,14
Christian Koss,SF,255.0,0.0188452380952381,42,4
Jackson Kowar,SEA,172.1,0.0020521985815602833,282,15
Max Kranick,NYM,64.7,-0.024003650283553876,529,24
Dean Kremer,BAL,96.3,-0.016515984397677794,2756,31
Brooks Kriske,CHC,243.6,0.012091176470588235,102,4
Brooks Kriske,MIN,66.0,-0.02401087632508834,283,12
Matt Krook,ATH,121.5,-0.01173887323943662,71,3
Joe La Sorsa,CIN,65.7,-0.024855790000000003,100,5
Alex Lange,DET,133.5,-0.009422499999999999,20,1
Sauryn Lao,SEA,69.8,-0.021728289473684215,76,2
Sauryn Lao,WSH,129.9,-0.01020438532110092,109,6
Andry Lara,WSH,114.6,-0.01346450980392157,255,9
Jacob Latz,TEX,177.7,-0.0018126206156048688,1397,33
Eric Lauer,TOR,118.4,-0.01290916449704142,1690,28
Cody Laweryson,MIN,303.8,0.02633803225806452,93,5
Casey Lawrence,SEA,55.8,-0.0249970625,224,5
Casey Lawrence,TOR,133.5,-0.009718269230769232,52,1
Justin Lawrence,PIT,206.7,0.008568663082437276,279,17
Max Lazar,PHI,139.5,-0.009846743034055729,646,36
Kyle Leahy,STL,146.5,-0.006971098372781065,1352,62
Jordan Leasure,CWS,6.2,-0.03661447925860547,1133,68
José Leclerc,ATH,-217.1,-0.08487763318777293,229,10
Chase Lee,DET,131.6,-0.00983371688741722,604,32
Dylan Lee,ATL,82.0,-0.020792463768115943,1104,74
Korey Lee,CWS,87.5,-0.018884090909090906,44,2
Casey Legumina,SEA,107.0,-0.013090318757192177,869,48
Mark Leiter Jr.,NYY,86.2,-0.020266028846153847,832,59
Jack Leiter,TEX,113.3,-0.014906692843326887,2585,29
Matthew Liberatore,STL,91.3,-0.018655743514644354,2390,29
Zack Littell,CIN,1.2,-0.037734607888631096,862,10
Zack Littell,TB,89.3,-0.018291407465007778,1929,22
Brendon Little,TOR,147.0,-0.006847404153354633,1252,79
Jack Little,LAD,123.3,-0.01187727272727273,44,2
Luke Little,CHC,138.1,-0.009600012987012988,77,2
Ben Lively,CLE,78.9,-0.02111148055555556,720,9
Nick Lodolo,CIN,88.3,-0.020350434957712448,2483,29
Sam Long,KC,70.9,-0.02265442151898734,790,39
Jacob Lopez,ATH,122.4,-0.011526776710684274,1666,21
Nicky Lopez,LAA,145.5,-0.006218750000000004,8,1
Brad Lord,WSH,72.8,-0.022407362141850636,2129,48
Michael Lorenzen,KC,61.9,-0.024613063848144955,2318,27
Ryan Loutos,LAD,118.6,-0.012875000000000003,58,2
Ryan Loutos,WSH,104.9,-0.015544624277456648,173,10
Richard Lovelady,NYM,113.2,-0.013513784090909088,176,8
Richard Lovelady,TOR,-238.8,-0.08852473913043479,46,2
Jonathan Loáisiga,NYY,47.9,-0.02814178705636743,479,30
Easton Lucas,TOR,103.3,-0.016106098173515982,438,6
Joey Lucchesi,SF,157.7,-0.002838978021978021,637,38
Seth Lugo,KC,50.7,-0.02701502435951281,2381,26
Jesús Luzardo,PHI,150.1,-0.007717688557213931,3015,32
Daniel Lynch IV,KC,136.4,-0.008519695970695972,1092,57
Jorge López,WSH,73.9,-0.02218381443298969,388,26
Pablo López,MIN,147.3,-0.00679869023034154,1259,14
Reynaldo López,ATL,50.1,-0.027486595744680858,94,1
Willie MacIver,ATH,107.0,-0.014872222222222222,18,2
Kenta Maeda,DET,140.3,-0.007978713450292397,171,7
Tyler Mahle,TEX,167.5,-0.003881698044895004,1381,16
Luke Maile,KC,263.2,0.018873076923076923,13,1
Anthony Maldonado,ATH,65.5,-0.02383093984962406,133,6
Sean Manaea,NYM,64.7,-0.02400178904109589,1095,15
Joe Mantiply,AZ,-152.7,-0.07030632142857143,196,10
Ron Marinaccio,SD,246.6,0.016395481927710842,166,7
Chris Martin,TEX,26.0,-0.03269517511520737,651,49
Corbin Martin,BAL,15.7,-0.034485725903614456,332,17
Davis Martin,CWS,85.2,-0.019373100647948168,2315,26
Justin Martinez,AZ,169.6,-0.0020774065934065942,273,17
Nick Martinez,CIN,94.7,-0.019072426026336173,2582,40
Seth Martinez,MIA,112.1,-0.012460583333333336,120,6
Miles Mastrobuoni,SEA,125.9,-0.008686956521739127,23,1
Jorge Mateo,BAL,-49.8,-0.049080000000000006,35,1
Phil Maton,STL,123.8,-0.011770181102362203,635,40
Phil Maton,TEX,124.2,-0.012686638743455495,382,23
Yuki Matsui,SD,129.4,-0.009447999068033551,1073,61
Zebby Matthews,MIN,57.5,-0.025815053215077606,1353,16
Isaac Mattson,PIT,82.0,-0.019507902035623408,786,44
Steven Matz,BOS,37.0,-0.03065207142857143,266,21
Steven Matz,STL,46.0,-0.02823766219239374,894,32
Tyler Matzek,NYY,122.5,-0.012805826771653544,127,7
Zach Maxwell,CIN,-63.3,-0.05062932727272729,165,8
Dustin May,BOS,79.9,-0.022159365805168987,503,6
Dustin May,LAD,85.5,-0.01988333055390113,1679,19
Tim Mayza,PHI,175.1,-0.0026769784172661873,139,8
Tim Mayza,PIT,151.0,-0.00397120987654321,162,7
Adam Mazur,MIA,64.8,-0.023233345603271983,489,6
Darren McCaughan,MIN,188.4,0.0019053720930232562,86,3
Chas McCormick,HOU,140.2,-0.008589814814814814,54,3
Lance McCullers Jr.,HOU,37.4,-0.03012790845684394,1147,16
Garrett McDaniels,LAA,44.9,-0.028174643979057595,191,10
Chayce McDermott,BAL,-76.7,-0.05506840000000001,195,4
Trevor McDonald,SF,153.1,-0.0038621267605633805,213,3
T.J. McFarland,ATH,52.2,-0.02670661397058824,272,27
Easton McGee,MIL,166.1,-0.0035083700440528653,227,9
Scott McGough,ATH,132.6,-0.009327950310559005,161,6
Scott McGough,AZ,156.0,-0.004960661764705882,136,7
Michael McGreevy,STL,120.4,-0.01248111255115962,1466,17
Reese McGuire,CHC,-38.1,-0.04581470588235294,17,1
Triston McKenzie,CLE,107.7,-0.014939430894308943,123,4
Zach McKinstry,DET,530.2,0.0754,2,1
Nolan McLean,NYM,202.4,0.005755643243243244,740,8
Nick Mears,MIL,38.0,-0.030093653710247355,849,63
Victor Mederos,LAA,-63.9,-0.051927748407643304,314,5
Trevor Megill,MIL,84.9,-0.02036541699346405,765,50
Tylor Megill,NYM,120.8,-0.011884391410048621,1234,14
Juan Mejia,COL,115.7,-0.016672227272727276,1078,55
Troy Melton,DET,115.0,-0.01337970579268293,656,16
Cristian Mena,AZ,155.7,-0.005006326732673274,101,3
Michael Mercado,PHI,105.8,-0.016653529411764706,85,3
Julian Merryweather,CHC,46.0,-0.02852617507418398,337,20
Parker Messick,CLE,146.1,-0.0067444032,625,7
Luis Mey,CIN,53.3,-0.027329271428571434,420,23
Max Meyer,MIA,48.3,-0.02698962980769231,1040,12
Miles Mikolas,STL,48.2,-0.027768264977885003,2487,31
Wade Miley,CIN,60.1,-0.02597311707317073,205,3
Bobby Miller,LAD,-48.7,-0.048290049999999994,120,2
Bryce Miller,SEA,-7.0,-0.03959656504854369,1545,18
Erik Miller,SF,164.1,-0.0014181967871485955,498,36
Mason Miller,ATH,147.9,-0.006024131493506491,616,38
Mason Miller,SD,165.5,-0.0014871369863013635,365,22
Shelby Miller,AZ,18.5,-0.03406967689530686,554,37
Shelby Miller,MIL,82.0,-0.020949349397590366,166,11
Hoby Milner,TEX,101.1,-0.017399829914529916,1170,73
A.J. Minter,NYM,237.6,0.013359747311827956,186,13
Anthony Misiewicz,MIN,83.5,-0.02030939655172414,116,5
Jacob Misiorowski,MIL,146.8,-0.007518469527896996,1165,15
Casey Mize,DET,79.9,-0.020891413661434027,2357,28
Carmen Mlodzinski,PIT,111.6,-0.012851063713592233,1648,34
Anthony Molina,COL,39.9,-0.030627977086743044,611,17
Sam Moll,CIN,95.2,-0.018957587349397592,332,23
Frankie Montas,NYM,27.4,-0.03205197038081806,709,9
Keider Montero,DET,73.8,-0.022196293758480326,1474,20
Rafael Montero,ATL,131.3,-0.010460482035928146,668,36
Rafael Montero,DET,128.0,-0.010614896358543418,357,20
Rafael Montero,HOU,181.4,4.859154929577673e-05,71,3
Christian Montes De Oca,AZ,303.4,0.026263043478260868,46,1
Patrick Monteverde,MIA,92.4,-0.016936363636363635,88,1
Mason Montgomery,TB,8.1,-0.036183187427240984,859,57
Luis Morales,ATH,109.8,-0.014253509135200975,821,10
Adrian Morejon,SD,190.2,0.003958265143992056,1007,75
Dauri Moreta,PIT,95.8,-0.016390754325259514,289,18
David Morgan,SD,107.1,-0.014349490909090911,770,41
Eli Morgan,CHC,-198.0,-0.07867558260869564,115,6
Juan Morillo,AZ,107.3,-0.01525116828478964,618,42
Charlie Morton,ATL,226.4,0.009473217391304354,23,1
Charlie Morton,BAL,59.8,-0.024661958866036688,1799,23
Charlie Morton,DET,2.8,-0.03738653595658073,737,9
Jovani Morán,BOS,78.7,-0.02241605,80,2
Noah Murdock,ATH,48.5,-0.02750914108910891,404,14
Penn Murfee,CWS,-60.0,-0.05107595258620691,232,15
Chris Murphy,BOS,212.5,0.004063647469458987,573,23
Jayden Murray,HOU,229.7,0.010168346590909092,176,9
Andrés Muñoz,SEA,169.4,0.0014265606494746899,1047,64
Roddery Muñoz,STL,115.9,-0.013444323144104806,229,9
Rolddy Muñoz,ATL,97.2,-0.01759679487179487,78,3
Tobias Myers,MIL,117.1,-0.013682521791767554,826,22
Germán Márquez,COL,-4.3,-0.038761308943089434,2091,26
Tommy Nance,TOR,198.7,0.004089735357917573,461,30
Kyle Nelson,AZ,115.6,-0.013494318181818187,44,3
Ryne Nelson,AZ,129.2,-0.010617818808269152,2467,33
Héctor Neris,ATL,-430.9,-0.12830554545454545,44,2
Héctor Neris,HOU,41.0,-0.02938476923076923,247,12
Héctor Neris,LAA,98.4,-0.01649265769230769,260,21
Sean Newcomb,ATH,205.0,0.006309268170426066,798,36
Sean Newcomb,BOS,114.0,-0.01542082142857143,756,12
Kevin Newman,LAA,148.5,-0.005572058823529413,34,2
Kyle Nicolas,PIT,108.2,-0.013609812883435582,652,31
Tomás Nido,DET,415.6,0.05090555555555556,9,1
Doug Nikhazy,CLE,15.1,-0.03475161111111111,108,2
Aaron Nola,PHI,60.3,-0.025824310586734695,1568,17
Austin Nola,COL,-550.1,-0.1392448275862069,29,1
Dedniel Núñez,NYM,181.6,0.0012615869565217386,184,10
Eduarniel Núñez,ATH,112.4,-0.013697852760736194,163,6
Eduarniel Núñez,SD,105.0,-0.014812643678160918,87,4
Riley O'Brien,STL,150.2,-0.006179357235984354,767,42
Bailey Ober,MIN,39.5,-0.029613098896434636,2356,27
Shinnosuke Ogasawara,WSH,16.1,-0.034533186943620175,674,23
Pierson Ohl,MIN,29.5,-0.031733267889908254,545,14
Shohei Ohtani,LAD,208.5,0.006169377158034528,753,14
Steven Okert,HOU,186.6,0.0011445931882686855,1057,68
Reese Olson,DET,124.7,-0.0113182176520994,1167,13
Kaleb Ort,HOU,139.8,-0.008664581336696092,793,49
Luis Ortiz,CLE,85.8,-0.01963780226364847,1502,16
Eric Orze,TB,145.4,-0.005909797080291972,685,33
Michel Otañez,ATH,49.9,-0.027202114754098363,122,6
Adam Ottavino,NYY,148.0,-0.007559523809523809,42,3
Johan Oviedo,PIT,124.3,-0.009986806596701649,667,9
Tyler Owens,DET,207.7,0.0064431818181818175,66,3
Chris Paddack,DET,48.1,-0.027692513361462733,711,12
Chris Paddack,MIN,113.7,-0.01390855040431267,1855,21
Emilio Pagán,CIN,138.8,-0.010260739943872778,1069,70
Daniel Palencia,CHC,108.2,-0.015743028402366865,845,54
Jake Palisch,CWS,94.1,-0.01743125,24,1
Andre Pallante,STL,89.2,-0.01909858670095518,2722,31
Carson Palmquist,COL,5.1,-0.03703399574468086,705,9
Mitchell Parker,WSH,68.2,-0.023395340229035836,2707,33
Chad Patrick,MIL,127.5,-0.011505900744416873,2015,27
Joel Payamps,ATL,7.7,-0.03635563636363636,44,2
Joel Payamps,MIL,48.3,-0.027951916870415646,409,28
Nate Pearson,CHC,94.5,-0.018545501872659177,267,10
Elvis Peguero,CWS,-40.9,-0.04691461904761905,42,2
Elvis Peguero,MIL,162.4,-0.004276410958904108,146,6
Joel Peguero,SF,191.8,0.0047552710280373825,321,17
Ryan Pepiot,TB,98.3,-0.016302737407407408,2700,31
Freddy Peralta,MIL,158.0,-0.005185206215603756,3089,33
Luis Peralta,COL,-4.2,-0.038752678899082564,436,22
Sammy Peralta,LAA,98.0,-0.01659967272727273,165,5
Wandy Peralta,SD,142.5,-0.00655398005203816,1153,71
Oswald Peraza,LAA,-51.5,-0.04922439024390245,41,2
Angel Perdomo,ATH,187.6,0.0025486111111111117,72,4
Jhonny Pereda,ATH,42.7,-0.02875,70,3
Jack Perkins,ATH,139.9,-0.007759805337519623,637,12
Michael Petersen,ATL,179.0,-0.0004500000000000003,131,4
Michael Petersen,MIA,39.6,-0.0289543756097561,205,11
David Peterson,NYM,129.4,-0.010029815390307067,2703,30
Chase Petty,CIN,-155.2,-0.06897086390532545,169,3
Brandon Pfaadt,AZ,63.3,-0.02457062879563289,2931,33
Connor Phillips,CIN,173.4,-0.0033478673740053025,377,21
Evan Phillips,LAD,273.7,0.019971119565217396,92,7
Tyler Phillips,MIA,152.3,-0.003310964093357273,1114,54
Konnor Pilkington,WSH,96.0,-0.017446530000000002,500,32
Jonathan Pintaro,NYM,43.7,-0.02854482758620689,29,1
Nick Pivetta,SD,160.8,-0.0025259212184873966,2856,31
Robinson Piña,MIA,74.7,-0.020982352941176473,17,1
Robinson Piña,TOR,11.3,-0.03558649999999999,44,1
Colin Poche,NYM,61.7,-0.024643103448275867,29,1
Colin Poche,WSH,34.6,-0.030572706976744187,215,13
Drew Pomeranz,CHC,150.6,-0.007022468322981365,805,57
Zach Pop,NYM,-200.9,-0.08138551851851854,27,1
Zach Pop,SEA,40.2,-0.0286334,100,4
Austin Pope,AZ,213.5,0.007215277777777779,36,1
Logan Porter,SF,-22.6,-0.04301000000000001,15,1
Cody Poteet,BAL,9.5,-0.035865441176470586,68,1
PJ Poulin,WSH,129.3,-0.01032460859188544,419,28
Cade Povich,BAL,47.8,-0.027334962044534415,1976,22
Ryan Pressly,CHC,90.9,-0.019299862015503877,645,43
Quinn Priester,MIL,137.7,-0.009388535844471446,2469,29
A.J. Puk,AZ,126.1,-0.011274076923076925,156,8
Cionel Pérez,BAL,89.9,-0.01794238775510204,441,19
Eury Pérez,MIA,118.0,-0.011123107462686568,1675,20
Martín Pérez,CWS,114.9,-0.012907692477876107,904,11
Cal Quantrill,ATL,-273.9,-0.09538069655172414,145,2
Cal Quantrill,MIA,64.7,-0.023238356797420742,1861,24
José Quijada,LAA,151.1,-0.004989024390243904,41,2
Jose Quintana,MIL,103.1,-0.0165780927882407,2177,24
Cole Ragans,KC,72.7,-0.022270139944392957,1079,13
Carson Ragsdale,BAL,65.8,-0.023319427083333334,96,2
Tanner Rainey,DET,129.1,-0.010368888888888891,45,2
Tanner Rainey,PIT,98.6,-0.015777076923076925,156,11
Brooks Raley,NYM,218.8,0.00928148969072165,388,30
Erasmo Ramírez,MIN,247.8,0.014478981481481482,162,9
Yohan Ramírez,PIT,139.9,-0.006462611842105264,608,24
Alan Rangel,PHI,117.4,-0.014306436781609195,174,5
Nick Raquet,STL,302.7,0.026099999999999995,27,2
Taylor Rashi,AZ,119.2,-0.012734821316614419,319,10
Drew Rasmussen,TB,147.3,-0.005502873974967632,2317,31
Robbie Ray,SF,83.7,-0.01932566276041667,3072,32
Colin Rea,CHC,121.5,-0.013009491719242903,2536,32
Pablo Reyes,NYY,-177.5,-0.07446666666666667,18,1
Sean Reynolds,SD,134.5,-0.008321087044534414,494,19
Orlando Ribalta,WSH,115.8,-0.013211219123505976,502,22
Trevor Richards,AZ,206.6,0.005758450000000003,40,2
Trevor Richards,KC,88.4,-0.018881105263157894,76,3
Lyon Richardson,CIN,94.8,-0.019047795321637428,684,34
Leo Rivas,SEA,34.5,-0.029941666666666675,18,1
Emmanuel Rivera,BAL,-193.8,-0.08116777777777777,45,1
Christian Roa,MIA,196.3,0.006710365853658538,41,2
Daniel Robert,PHI,146.8,-0.0083716796875,256,15
Ethan Roberts,CHC,-45.6,-0.04734015972222222,144,10
David Robertson,PHI,136.0,-0.010553347402597403,308,20
Joe Rock,TB,203.8,0.006974137931034481,145,3
Kumar Rocker,TEX,67.3,-0.024269343085106383,1128,14
Bradgley Rodriguez,SD,261.6,0.019722945736434107,129,7
Carlos Rodriguez,MIL,113.5,-0.014412298076923076,208,4
Eduardo Rodriguez,AZ,78.9,-0.021266524836349634,2597,29
Elvin Rodríguez,BAL,-179.4,-0.07795555555555556,18,1
Elvin Rodríguez,MIL,-18.0,-0.04171564465408805,318,6
Manuel Rodríguez,TB,163.8,-0.0018480974477958225,431,31
Randy Rodríguez,SF,36.3,-0.029885894801980197,808,50
Yariel Rodríguez,TOR,183.7,0.0009228319112627982,1172,66
Carlos Rodón,NYY,132.2,-0.010800828197945847,3213,33
Jake Rogers,DET,199.1,0.004596938775510202,49,4
Taylor Rogers,CHC,49.2,-0.027863465517241382,290,17
Taylor Rogers,CIN,73.0,-0.023396213464696225,609,40
Trevor Rogers,BAL,171.4,0.00022701536570375017,1627,18
Tyler Rogers,NYM,70.7,-0.022712658666666666,375,28
Tyler Rogers,SF,120.4,-0.011137466003316748,603,53
Miguel Rojas,LAD,-31.1,-0.04456811594202899,69,4
Ryan Rolison,COL,112.8,-0.017219359882005902,678,31
Jordan Romano,PHI,56.4,-0.026600994326241134,705,49
JoJo Romero,STL,165.1,-0.0030328472222222198,1008,65
John Rooney,HOU,-387.2,-0.11914339130434787,23,1
Amed Rosario,WSH,-73.8,-0.05375714285714286,28,1
Joe Ross,PHI,37.5,-0.030408973348783317,863,37
Landen Roupp,SF,108.4,-0.013822252023745278,1853,22
Chris Roycroft,STL,33.9,-0.030792164556962022,395,20
José Ruiz,ATL,150.9,-0.006339622641509435,53,2
José Ruiz,PHI,64.6,-0.024959694779116467,249,16
Jackson Rutledge,WSH,92.3,-0.018246646532438477,1341,63
Joe Ryan,MIN,101.8,-0.016433402430307362,2798,31
Andrew Saalfrank,AZ,187.0,0.0016037122969837598,431,28
Erik Sabrowski,CLE,147.8,-0.00636434990059642,503,33
César Salazar,HOU,303.9,0.025722727272727265,11,1
Eduardo Salazar,WSH,-7.8,-0.03965362201834862,545,30
Chris Sale,ATL,152.0,-0.0061080201870999514,2031,21
Cam Sanders,PIT,79.1,-0.0201624693877551,147,6
Nick Sandlin,TOR,117.2,-0.013170858620689656,290,19
Jayvien Sandridge,NYY,61.6,-0.02531935483870968,31,1
Cole Sands,MIN,54.6,-0.0264237890625,1152,69
Reiver Sanmartin,CIN,234.8,0.008918518518518515,27,1
Javier Sanoja,MIA,-7.7,-0.03972029411764706,170,8
Dennis Santana,PIT,101.9,-0.015039148702594811,1002,70
Tony Santillan,CIN,105.3,-0.016950383739837403,1230,80
Gregory Santos,SEA,10.8,-0.0354707,140,8
Roki Sasaki,LAD,80.6,-0.02090889241622575,567,9
Tayler Saucedo,SEA,103.0,-0.014012887931034486,232,10
Matt Sauer,LAD,99.7,-0.01686941015625,512,10
Max Scherzer,TOR,45.0,-0.02844906896551724,1392,17
Cam Schlittler,NYY,142.4,-0.00869937589784517,1253,14
Clarke Schmidt,NYY,134.6,-0.010321283618581908,1227,14
Jesse Scholtens,TB,-14.4,-0.04115174025974025,154,2
John Schreiber,KC,70.3,-0.022797226450999047,1051,74
Paxton Schultz,TOR,139.1,-0.00853715625,448,13
Spencer Schwellenbach,ATL,107.6,-0.015428087507926444,1577,17
Tanner Scott,LAD,-128.5,-0.06517388668866887,909,60
Tayler Scott,AZ,-72.0,-0.05322962295081967,183,6
Tayler Scott,HOU,29.1,-0.03188792090395481,354,18
Connor Seabold,ATL,53.6,-0.026752716049382712,81,4
Connor Seabold,TB,193.7,0.00474903846153846,104,3
JP Sears,ATH,76.1,-0.021539061466942146,1936,22
JP Sears,SD,20.3,-0.03350688139534884,430,5
Anthony Seigler,MIL,230.2,0.009795454545454553,11,1
Colin Selby,BAL,115.1,-0.012321644859813087,214,11
Kodai Senga,NYM,99.6,-0.0164614785115304,1908,22
Antonio Senzatela,COL,67.2,-0.025609096111839234,2289,30
Luis Severino,ATH,89.0,-0.018752899085923223,2735,29
Paul Sewald,CLE,103.0,-0.015951401606425705,249,18
Paul Sewald,DET,97.3,-0.017176029411764705,68,4
Carson Seymour,SF,55.9,-0.025527376205787784,622,16
Ian Seymour,TB,146.8,-0.005603512512512514,999,19
Emmet Sheehan,LAD,113.3,-0.013996005235602096,1146,15
Chase Shugart,PIT,104.9,-0.014358738944365193,701,35
Jared Shuster,CWS,74.5,-0.02171650173010381,289,12
Chase Silseth,LAA,130.6,-0.009474601851851852,216,10
Josh Simpson,MIA,98.2,-0.015623549273021002,619,31
Lucas Sims,WSH,25.1,-0.03260066666666667,279,18
Brady Singer,CIN,115.7,-0.014863271929824562,2850,32
Evan Sisk,KC,178.9,0.000660416666666666,120,5
Evan Sisk,PIT,101.1,-0.015200287081339714,209,14
Paul Skenes,PIT,168.8,3.27280613947281e-05,2997,32
Tarik Skubal,DET,158.4,-0.004102025974025973,2849,31
Justin Slaten,BOS,72.2,-0.023692039682539683,504,36
Austin Slater,NYY,191.0,0.0012900000000000069,10,1
Cade Smith,CLE,98.1,-0.01699003433835846,1194,76
Dylan Smith,DET,204.0,0.0056569696969696985,165,7
Shane Smith,CWS,88.4,-0.018691819232356584,2423,29
AJ Smith-Shawver,ATL,112.4,-0.01442249507735584,711,9
Blake Snell,LAD,164.4,-0.0031724298160697006,1033,11
Collin Snider,SEA,54.3,-0.02534363825363825,481,24
Drew Sommers,DET,-130.0,-0.06576692307692308,78,4
George Soriano,MIA,118.0,-0.011106043103448275,696,24
José Soriano,LAA,110.6,-0.013845315373563219,2784,31
Michael Soroka,CHC,88.5,-0.01978802919708029,137,6
Michael Soroka,WSH,121.8,-0.011924058231488139,1391,16
Gregory Soto,BAL,79.7,-0.02022173202614379,612,45
Gregory Soto,NYM,39.8,-0.029382429245283018,424,25
Bennett Sousa,HOU,157.9,-0.004886222527472529,728,44
Gabe Speier,SEA,104.0,-0.013783151351351355,925,76
Mitch Spence,ATH,85.1,-0.01959714684287812,1362,32
Carson Spiers,CIN,5.8,-0.03682704065040651,246,3
Jeffrey Springs,ATH,103.4,-0.015632008424008425,2849,32
Brandon Sproat,NYM,97.3,-0.016968790378006873,291,4
Jacob Stallings,COL,267.5,0.011263461538461536,26,1
Ryne Stanek,NYM,65.6,-0.023806982126058324,1063,65
Justin Steele,CHC,102.4,-0.0169304512195122,246,3
Michael Stefanic,TOR,479.7,0.06358571428571429,7,1
Robert Stephenson,LAA,121.4,-0.01149240397350993,151,12
Justin Sterner,ATH,92.2,-0.01805954950045413,1101,59
Brock Stewart,LAD,-71.9,-0.053192347222222214,72,4
Brock Stewart,MIN,82.9,-0.020426023985239853,542,39
Robert Stock,BOS,43.1,-0.029449152542372882,59,2
Matt Strahm,PHI,92.2,-0.019397061306532664,995,66
Chris Stratton,KC,110.2,-0.014179214501510577,331,12
Chris Stratton,LAD,137.1,-0.008943125,80,3
Hunter Stratton,ATL,130.0,-0.01073161507936508,252,12
Hunter Stratton,PIT,-48.6,-0.04893279120879121,91,3
Hunter Strickland,LAA,130.4,-0.009510557184750731,341,19
Spencer Strider,ATL,57.8,-0.025860246328754145,2111,23
Marcus Stroman,NYY,92.8,-0.018905287943262412,705,9
Kade Strowd,BAL,198.7,0.006293608374384236,406,25
José Suarez,ATL,192.5,0.002370545454545455,297,7
Ranger Suarez,PHI,134.8,-0.010790494654605262,2432,26
Robert Suarez,SD,110.3,-0.013646315837937384,1086,70
Wander Suero,ATL,90.7,-0.01897215492957746,142,5
Tomoyuki Sugano,BAL,62.7,-0.024012913719393705,2573,30
Cole Sulser,TB,156.4,-0.0034865473145780047,391,18
Brent Suter,CIN,108.9,-0.016220273444347066,1141,48
Albert Suárez,BAL,216.8,0.01032518644067797,177,5
Matt Svanson,STL,219.2,0.008420237305699482,965,39
Erik Swanson,TOR,36.9,-0.030173875000000003,128,6
Ali Sánchez,TOR,6.5,-0.03660277777777778,18,1
Cristopher Sánchez,PHI,169.6,-0.003775592682084916,2897,32
Gary Sánchez,BAL,-91.8,-0.05842894736842106,19,1
Jameson Taillon,CHC,89.6,-0.01956335270338555,1979,23
Freddy Tarnok,MIA,205.4,0.00876996923076923,130,5
Dillon Tate,TOR,118.0,-0.013006726618705038,139,6
Grant Taylor,CWS,135.5,-0.008397203583061893,614,36
Troy Taylor,SEA,13.1,-0.03493036764705882,136,8
Rowdy Tellez,TEX,28.7,-0.03214130434782609,23,1
Kai-Wei Teng,SF,92.1,-0.017458734729493892,573,8
Caleb Thielbar,CHC,82.0,-0.021116498190591075,829,66
Connor Thomas,MIL,28.5,-0.032056705882352945,119,2
Mason Thompson,WSH,30.1,-0.031541154471544715,246,14
Ryan Thompson,AZ,46.0,-0.02824738871951219,656,48
Zach Thompson,ATL,312.1,0.027435833333333333,60,2
Trent Thornton,SEA,125.4,-0.008801948795180724,664,33
Blade Tidwell,NYM,70.4,-0.02276638834951456,309,4
Jesus Tinoco,MIA,99.2,-0.015406088524590165,305,20
Payton Tolle,BOS,63.1,-0.02548958552631579,304,7
Jonah Tong,NYM,38.1,-0.029744798387096774,372,5
Michael Tonkin,MIN,165.6,-0.002923591939546598,397,21
Justin Topa,MIN,92.6,-0.018367055555555557,990,54
Abraham Toro,BOS,-191.2,-0.07580666666666666,15,1
Luis Torrens,NYM,-449.4,-0.1350695652173913,23,2
Touki Toussaint,LAA,135.7,-0.008352702702702705,37,1
Blake Treinen,LAD,-41.2,-0.046695015686274516,510,31
Alan Trejo,COL,250.4,0.0081125,16,1
Jose Trevino,CIN,114.3,-0.015158333333333336,48,2
Jared Triolo,PIT,-93.1,-0.05895000000000001,23,1
Lou Trivino,LAD,147.8,-0.006686290721649483,485,26
Lou Trivino,PHI,186.7,-0.00032906896551723915,145,10
Lou Trivino,SF,6.1,-0.036622056338028175,213,11
Spencer Turnbull,TOR,58.8,-0.025523712000000004,125,3
Edwin Uceta,TB,66.2,-0.023377098694942904,1226,70
José Ureña,LAA,158.7,-0.003344386075949368,316,6
José Ureña,LAD,170.4,-0.0019117804878048743,41,2
José Ureña,MIN,134.4,-0.009525363057324843,314,4
José Ureña,NYM,13.5,-0.03505735294117647,68,1
José Ureña,TOR,106.1,-0.015522281407035174,199,6
Abner Uribe,MIL,157.6,-0.0052625485519591135,1174,75
José Urquidy,DET,113.6,-0.013676785714285713,56,2
Framber Valdez,HOU,127.4,-0.011267125948930298,2898,31
Brian Van Belle,TB,162.4,-0.0021533255813953483,129,4
Logan VanWey,HOU,134.3,-0.009830164835164835,182,9
Carlos Vargas,SEA,65.3,-0.02279599283795882,1117,70
Louis Varland,MIN,165.0,-0.0030399645892351273,706,51
Louis Varland,TOR,88.2,-0.019315222527472527,364,23
Mike Vasil,CWS,152.5,-0.00469379508687837,1669,47
Anthony Veneziano,MIA,81.4,-0.019438,411,24
Anthony Veneziano,STL,221.5,0.008905555555555555,72,2
Justin Verlander,SF,102.2,-0.01519443415007657,2612,29
Alex Vesia,LAD,120.1,-0.012551492596248767,1013,67
Will Vest,DET,90.6,-0.01861154688869413,1141,64
Victor Vodnik,COL,102.9,-0.019035237324703344,927,52
Randy Vásquez,SD,98.9,-0.01616331398049234,2153,28
Luis Vázquez,BAL,274.9,0.023293750000000002,32,4
Michael Wacha,KC,124.2,-0.011150235933983496,2666,31
Brandon Waddell,NYM,149.6,-0.005659354775828463,513,11
Tyler Wade,SD,75.7,-0.021280555555555556,18,1
Hurston Waldrep,ATL,158.0,-0.004853405862457723,887,10
Matt Waldron,SD,87.5,-0.018680009615384616,104,1
Josh Walker,TOR,139.5,-0.008453804347826086,92,3
Ryan Walker,SF,52.8,-0.026208752929687502,1024,68
Taijuan Walker,PHI,49.2,-0.028053192531522796,2062,34
Brandon Walter,HOU,128.0,-0.011139974233128834,815,9
Andrew Walters,CLE,7.3,-0.036422413793103445,29,2
Austin Warren,NYM,126.5,-0.01064691780821918,146,5
Will Warren,NYY,101.2,-0.017168498575498577,2808,33
Ryan Weathers,MIA,61.0,-0.02408522741433022,642,8
Luke Weaver,NYY,89.7,-0.0195482849002849,1053,64
Jacob Webb,TEX,125.1,-0.01250334178498986,986,55
Logan Webb,SF,133.9,-0.008133210847044485,3282,34
Jordan Weems,HOU,-16.1,-0.041360632653061224,98,4
Greg Weissert,BOS,76.4,-0.022855671947809877,1073,72
Tyler Wells,BAL,117.1,-0.011879453216374269,342,4
Joey Wentz,ATL,118.4,-0.013161645743766123,1163,14
Joey Wentz,MIN,37.3,-0.03008035714285714,196,6
Joey Wentz,PIT,90.1,-0.01767502575107296,466,19
Hayden Wesneski,HOU,36.2,-0.030381529527559056,508,6
Zack Wheeler,PHI,142.1,-0.009336753550543024,2394,24
Carson Whisenhunt,SF,0.2,-0.03793752450980393,408,5
Owen White,CWS,38.6,-0.0295607731092437,119,3
Forrest Whitley,HOU,61.0,-0.025182133333333332,150,5
Forrest Whitley,TB,103.3,-0.015193396226415095,106,5
Garrett Whitlock,BOS,173.3,-0.003696551346801347,1188,62
Jordan Wicks,CHC,130.1,-0.011241981566820278,217,8
Cole Wilcox,TB,-78.4,-0.055258153846153846,39,1
Nathan Wiles,ATL,-53.9,-0.04928125,24,1
Devin Williams,NYY,120.7,-0.013168628239499554,1119,67
Gavin Williams,CLE,117.4,-0.012879203076923078,2925,31
Luke Williams,ATL,220.4,0.00821549295774648,71,6
Trevor Williams,WSH,63.6,-0.024369452348066298,1448,17
Bryse Wilson,CWS,60.2,-0.02484254332552693,854,20
Justin Wilson,BOS,85.3,-0.021099991586538466,832,61
Steven Wilson,CWS,85.8,-0.019243383910386967,982,59
Weston Wilson,PHI,281.7,0.01881111111111111,36,2
Will Wilson,CLE,121.9,-0.011907692307692305,26,1
Allan Winans,NYY,-49.2,-0.04808108771929825,171,3
Josh Winckowski,BOS,233.1,0.008138106280193236,207,6
Cole Winn,TEX,218.2,0.006433417862838917,627,33
Keaton Winn,SF,134.9,-0.007922248484848484,165,7
Grant Wolfram,BAL,130.4,-0.008928476190476192,525,21
Bryan Woo,SEA,119.1,-0.01026911606484893,2714,30
Jake Woodford,AZ,35.9,-0.030369411764705884,629,22
Brandon Woodruff,MIL,127.5,-0.01152023029045643,964,12
Simeon Woods Richardson,MIN,89.2,-0.01908724667729931,1881,23
Justin Wrobleski,LAD,112.7,-0.014118516423357666,1096,24
Randy Wynne,CIN,115.3,-0.01495851063829787,47,1
Yoshinobu Yamamoto,LAD,166.6,-0.0026984600956233913,2719,29
Ryan Yarbrough,NYY,122.0,-0.01290307760314342,1018,19
Mike Yastrzemski,SF,48.4,-0.027195238095238092,21,1
Kirby Yates,LAD,15.6,-0.03468088124156545,741,49
Trey Yesavage,TOR,171.8,-0.0016097698744769878,239,3
Craig Yoho,MIL,21.8,-0.03345501136363637,176,8
Brandon Young,BAL,1.1,-0.03772678958554729,941,12
Danny Young,NYM,177.7,0.0004080759493670873,158,10
Jared Young,NYM,128.8,-0.010150000000000005,11,1
Rob Zastryzny,MIL,183.3,6.697478991596708e-05,357,26
Ryan Zeferjahn,LAA,21.6,-0.033257720885466795,1039,62
Angel Zerpa,KC,69.1,-0.02305374727272727,1100,69
Bruce Zimmermann,MIL,-27.1,-0.04360494505494506,91,1
Tyler Zuber,MIA,106.4,-0.013761553488372092,215,9
Tyler Zuber,NYM,183.3,0.001620588235294115,34,1
Yosver Zulueta,CIN,186.9,-0.0006459642857142854,140,7
Brett de Geus,PHI,197.1,0.0017627659574468082,47,1
Jacob deGrom,TEX,132.9,-0.010933884982804738,2617,30
